run_id,method,seed,block,task,examples
4841ccb622637be6,uniform_task,0,0,0,0
4841ccb622637be6,uniform_task,0,0,1,0
4841ccb622637be6,uniform_task,0,0,2,0
4841ccb622637be6,uniform_task,0,0,3,0
4841ccb622637be6,uniform_task,0,0,4,0
4841ccb622637be6,uniform_task,0,0,5,50
4841ccb622637be6,uniform_task,0,0,6,0
4841ccb622637be6,uniform_task,0,0,7,0
4841ccb622637be6,uniform_task,0,0,8,0
4841ccb622637be6,uniform_task,0,0,9,0
4841ccb622637be6,uniform_task,0,1,0,0
4841ccb622637be6,uniform_task,0,1,1,50
4841ccb622637be6,uniform_task,0,1,2,0
4841ccb622637be6,uniform_task,0,1,3,0
4841ccb622637be6,uniform_task,0,1,4,0
4841ccb622637be6,uniform_task,0,1,5,50
4841ccb622637be6,uniform_task,0,1,6,0
4841ccb622637be6,uniform_task,0,1,7,0
4841ccb622637be6,uniform_task,0,1,8,0
4841ccb622637be6,uniform_task,0,1,9,0
4841ccb622637be6,uniform_task,0,2,0,0
4841ccb622637be6,uniform_task,0,2,1,50
4841ccb622637be6,uniform_task,0,2,2,0
4841ccb622637be6,uniform_task,0,2,3,50
4841ccb622637be6,uniform_task,0,2,4,0
4841ccb622637be6,uniform_task,0,2,5,50
4841ccb622637be6,uniform_task,0,2,6,0
4841ccb622637be6,uniform_task,0,2,7,0
4841ccb622637be6,uniform_task,0,2,8,0
4841ccb622637be6,uniform_task,0,2,9,0
4841ccb622637be6,uniform_task,0,3,0,0
4841ccb622637be6,uniform_task,0,3,1,50
4841ccb622637be6,uniform_task,0,3,2,0
4841ccb622637be6,uniform_task,0,3,3,50
4841ccb622637be6,uniform_task,0,3,4,0
4841ccb622637be6,uniform_task,0,3,5,50
4841ccb622637be6,uniform_task,0,3,6,0
4841ccb622637be6,uniform_task,0,3,7,50
4841ccb622637be6,uniform_task,0,3,8,0
4841ccb622637be6,uniform_task,0,3,9,0
4841ccb622637be6,uniform_task,0,4,0,0
4841ccb622637be6,uniform_task,0,4,1,50
4841ccb622637be6,uniform_task,0,4,2,0
4841ccb622637be6,uniform_task,0,4,3,50
4841ccb622637be6,uniform_task,0,4,4,0
4841ccb622637be6,uniform_task,0,4,5,50
4841ccb622637be6,uniform_task,0,4,6,0
4841ccb622637be6,uniform_task,0,4,7,50
4841ccb622637be6,uniform_task,0,4,8,0
4841ccb622637be6,uniform_task,0,4,9,50
4841ccb622637be6,uniform_task,0,5,0,0
4841ccb622637be6,uniform_task,0,5,1,50
4841ccb622637be6,uniform_task,0,5,2,50
4841ccb622637be6,uniform_task,0,5,3,50
4841ccb622637be6,uniform_task,0,5,4,0
4841ccb622637be6,uniform_task,0,5,5,50
4841ccb622637be6,uniform_task,0,5,6,0
4841ccb622637be6,uniform_task,0,5,7,50
4841ccb622637be6,uniform_task,0,5,8,0
4841ccb622637be6,uniform_task,0,5,9,50
4841ccb622637be6,uniform_task,0,6,0,0
4841ccb622637be6,uniform_task,0,6,1,50
4841ccb622637be6,uniform_task,0,6,2,50
4841ccb622637be6,uniform_task,0,6,3,50
4841ccb622637be6,uniform_task,0,6,4,50
4841ccb622637be6,uniform_task,0,6,5,50
4841ccb622637be6,uniform_task,0,6,6,0
4841ccb622637be6,uniform_task,0,6,7,50
4841ccb622637be6,uniform_task,0,6,8,0
4841ccb622637be6,uniform_task,0,6,9,50
4841ccb622637be6,uniform_task,0,7,0,0
4841ccb622637be6,uniform_task,0,7,1,50
4841ccb622637be6,uniform_task,0,7,2,50
4841ccb622637be6,uniform_task,0,7,3,50
4841ccb622637be6,uniform_task,0,7,4,50
4841ccb622637be6,uniform_task,0,7,5,50
4841ccb622637be6,uniform_task,0,7,6,0
4841ccb622637be6,uniform_task,0,7,7,50
4841ccb622637be6,uniform_task,0,7,8,50
4841ccb622637be6,uniform_task,0,7,9,50
4841ccb622637be6,uniform_task,0,8,0,0
4841ccb622637be6,uniform_task,0,8,1,50
4841ccb622637be6,uniform_task,0,8,2,50
4841ccb622637be6,uniform_task,0,8,3,50
4841ccb622637be6,uniform_task,0,8,4,50
4841ccb622637be6,uniform_task,0,8,5,50
4841ccb622637be6,uniform_task,0,8,6,50
4841ccb622637be6,uniform_task,0,8,7,50
4841ccb622637be6,uniform_task,0,8,8,50
4841ccb622637be6,uniform_task,0,8,9,50
4841ccb622637be6,uniform_task,0,9,0,50
4841ccb622637be6,uniform_task,0,9,1,50
4841ccb622637be6,uniform_task,0,9,2,50
4841ccb622637be6,uniform_task,0,9,3,50
4841ccb622637be6,uniform_task,0,9,4,50
4841ccb622637be6,uniform_task,0,9,5,50
4841ccb622637be6,uniform_task,0,9,6,50
4841ccb622637be6,uniform_task,0,9,7,50
4841ccb622637be6,uniform_task,0,9,8,50
4841ccb622637be6,uniform_task,0,9,9,50
4841ccb622637be6,uniform_task,0,10,0,50
4841ccb622637be6,uniform_task,0,10,1,50
4841ccb622637be6,uniform_task,0,10,2,50
4841ccb622637be6,uniform_task,0,10,3,50
4841ccb622637be6,uniform_task,0,10,4,50
4841ccb622637be6,uniform_task,0,10,5,50
4841ccb622637be6,uniform_task,0,10,6,50
4841ccb622637be6,uniform_task,0,10,7,50
4841ccb622637be6,uniform_task,0,10,8,50
4841ccb622637be6,uniform_task,0,10,9,50
4841ccb622637be6,uniform_task,0,11,0,50
4841ccb622637be6,uniform_task,0,11,1,50
4841ccb622637be6,uniform_task,0,11,2,50
4841ccb622637be6,uniform_task,0,11,3,50
4841ccb622637be6,uniform_task,0,11,4,50
4841ccb622637be6,uniform_task,0,11,5,50
4841ccb622637be6,uniform_task,0,11,6,50
4841ccb622637be6,uniform_task,0,11,7,50
4841ccb622637be6,uniform_task,0,11,8,50
4841ccb622637be6,uniform_task,0,11,9,50
4841ccb622637be6,uniform_task,0,12,0,50
4841ccb622637be6,uniform_task,0,12,1,50
4841ccb622637be6,uniform_task,0,12,2,50
4841ccb622637be6,uniform_task,0,12,3,50
4841ccb622637be6,uniform_task,0,12,4,50
4841ccb622637be6,uniform_task,0,12,5,50
4841ccb622637be6,uniform_task,0,12,6,50
4841ccb622637be6,uniform_task,0,12,7,50
4841ccb622637be6,uniform_task,0,12,8,50
4841ccb622637be6,uniform_task,0,12,9,50
4841ccb622637be6,uniform_task,0,13,0,50
4841ccb622637be6,uniform_task,0,13,1,50
4841ccb622637be6,uniform_task,0,13,2,50
4841ccb622637be6,uniform_task,0,13,3,50
4841ccb622637be6,uniform_task,0,13,4,50
4841ccb622637be6,uniform_task,0,13,5,50
4841ccb622637be6,uniform_task,0,13,6,50
4841ccb622637be6,uniform_task,0,13,7,50
4841ccb622637be6,uniform_task,0,13,8,50
4841ccb622637be6,uniform_task,0,13,9,50
4841ccb622637be6,uniform_task,0,14,0,50
4841ccb622637be6,uniform_task,0,14,1,50
4841ccb622637be6,uniform_task,0,14,2,50
4841ccb622637be6,uniform_task,0,14,3,50
4841ccb622637be6,uniform_task,0,14,4,50
4841ccb622637be6,uniform_task,0,14,5,50
4841ccb622637be6,uniform_task,0,14,6,50
4841ccb622637be6,uniform_task,0,14,7,50
4841ccb622637be6,uniform_task,0,14,8,50
4841ccb622637be6,uniform_task,0,14,9,50
4841ccb622637be6,uniform_task,0,15,0,50
4841ccb622637be6,uniform_task,0,15,1,50
4841ccb622637be6,uniform_task,0,15,2,50
4841ccb622637be6,uniform_task,0,15,3,50
4841ccb622637be6,uniform_task,0,15,4,50
4841ccb622637be6,uniform_task,0,15,5,50
4841ccb622637be6,uniform_task,0,15,6,50
4841ccb622637be6,uniform_task,0,15,7,50
4841ccb622637be6,uniform_task,0,15,8,50
4841ccb622637be6,uniform_task,0,15,9,50
4841ccb622637be6,uniform_task,0,16,0,50
4841ccb622637be6,uniform_task,0,16,1,50
4841ccb622637be6,uniform_task,0,16,2,50
4841ccb622637be6,uniform_task,0,16,3,50
4841ccb622637be6,uniform_task,0,16,4,50
4841ccb622637be6,uniform_task,0,16,5,50
4841ccb622637be6,uniform_task,0,16,6,50
4841ccb622637be6,uniform_task,0,16,7,50
4841ccb622637be6,uniform_task,0,16,8,50
4841ccb622637be6,uniform_task,0,16,9,50
4841ccb622637be6,uniform_task,0,17,0,50
4841ccb622637be6,uniform_task,0,17,1,50
4841ccb622637be6,uniform_task,0,17,2,50
4841ccb622637be6,uniform_task,0,17,3,50
4841ccb622637be6,uniform_task,0,17,4,50
4841ccb622637be6,uniform_task,0,17,5,50
4841ccb622637be6,uniform_task,0,17,6,50
4841ccb622637be6,uniform_task,0,17,7,50
4841ccb622637be6,uniform_task,0,17,8,50
4841ccb622637be6,uniform_task,0,17,9,50
4841ccb622637be6,uniform_task,0,18,0,50
4841ccb622637be6,uniform_task,0,18,1,50
4841ccb622637be6,uniform_task,0,18,2,50
4841ccb622637be6,uniform_task,0,18,3,50
4841ccb622637be6,uniform_task,0,18,4,50
4841ccb622637be6,uniform_task,0,18,5,50
4841ccb622637be6,uniform_task,0,18,6,50
4841ccb622637be6,uniform_task,0,18,7,50
4841ccb622637be6,uniform_task,0,18,8,50
4841ccb622637be6,uniform_task,0,18,9,50
4841ccb622637be6,uniform_task,0,19,0,50
4841ccb622637be6,uniform_task,0,19,1,50
4841ccb622637be6,uniform_task,0,19,2,50
4841ccb622637be6,uniform_task,0,19,3,50
4841ccb622637be6,uniform_task,0,19,4,50
4841ccb622637be6,uniform_task,0,19,5,50
4841ccb622637be6,uniform_task,0,19,6,50
4841ccb622637be6,uniform_task,0,19,7,50
4841ccb622637be6,uniform_task,0,19,8,50
4841ccb622637be6,uniform_task,0,19,9,50
4841ccb622637be6,uniform_task,0,20,0,50
4841ccb622637be6,uniform_task,0,20,1,50
4841ccb622637be6,uniform_task,0,20,2,50
4841ccb622637be6,uniform_task,0,20,3,50
4841ccb622637be6,uniform_task,0,20,4,50
4841ccb622637be6,uniform_task,0,20,5,50
4841ccb622637be6,uniform_task,0,20,6,50
4841ccb622637be6,uniform_task,0,20,7,50
4841ccb622637be6,uniform_task,0,20,8,50
4841ccb622637be6,uniform_task,0,20,9,50
4841ccb622637be6,uniform_task,0,21,0,50
4841ccb622637be6,uniform_task,0,21,1,50
4841ccb622637be6,uniform_task,0,21,2,50
4841ccb622637be6,uniform_task,0,21,3,50
4841ccb622637be6,uniform_task,0,21,4,50
4841ccb622637be6,uniform_task,0,21,5,50
4841ccb622637be6,uniform_task,0,21,6,50
4841ccb622637be6,uniform_task,0,21,7,50
4841ccb622637be6,uniform_task,0,21,8,50
4841ccb622637be6,uniform_task,0,21,9,50
4841ccb622637be6,uniform_task,0,22,0,50
4841ccb622637be6,uniform_task,0,22,1,50
4841ccb622637be6,uniform_task,0,22,2,50
4841ccb622637be6,uniform_task,0,22,3,50
4841ccb622637be6,uniform_task,0,22,4,50
4841ccb622637be6,uniform_task,0,22,5,50
4841ccb622637be6,uniform_task,0,22,6,50
4841ccb622637be6,uniform_task,0,22,7,50
4841ccb622637be6,uniform_task,0,22,8,50
4841ccb622637be6,uniform_task,0,22,9,50
4841ccb622637be6,uniform_task,0,23,0,50
4841ccb622637be6,uniform_task,0,23,1,50
4841ccb622637be6,uniform_task,0,23,2,50
4841ccb622637be6,uniform_task,0,23,3,50
4841ccb622637be6,uniform_task,0,23,4,50
4841ccb622637be6,uniform_task,0,23,5,50
4841ccb622637be6,uniform_task,0,23,6,50
4841ccb622637be6,uniform_task,0,23,7,50
4841ccb622637be6,uniform_task,0,23,8,50
4841ccb622637be6,uniform_task,0,23,9,50
4841ccb622637be6,uniform_task,0,24,0,50
4841ccb622637be6,uniform_task,0,24,1,50
4841ccb622637be6,uniform_task,0,24,2,50
4841ccb622637be6,uniform_task,0,24,3,50
4841ccb622637be6,uniform_task,0,24,4,50
4841ccb622637be6,uniform_task,0,24,5,50
4841ccb622637be6,uniform_task,0,24,6,50
4841ccb622637be6,uniform_task,0,24,7,50
4841ccb622637be6,uniform_task,0,24,8,50
4841ccb622637be6,uniform_task,0,24,9,50
4841ccb622637be6,uniform_task,0,25,0,50
4841ccb622637be6,uniform_task,0,25,1,50
4841ccb622637be6,uniform_task,0,25,2,50
4841ccb622637be6,uniform_task,0,25,3,50
4841ccb622637be6,uniform_task,0,25,4,50
4841ccb622637be6,uniform_task,0,25,5,50
4841ccb622637be6,uniform_task,0,25,6,50
4841ccb622637be6,uniform_task,0,25,7,50
4841ccb622637be6,uniform_task,0,25,8,50
4841ccb622637be6,uniform_task,0,25,9,50
4841ccb622637be6,uniform_task,0,26,0,50
4841ccb622637be6,uniform_task,0,26,1,50
4841ccb622637be6,uniform_task,0,26,2,50
4841ccb622637be6,uniform_task,0,26,3,50
4841ccb622637be6,uniform_task,0,26,4,50
4841ccb622637be6,uniform_task,0,26,5,50
4841ccb622637be6,uniform_task,0,26,6,50
4841ccb622637be6,uniform_task,0,26,7,50
4841ccb622637be6,uniform_task,0,26,8,50
4841ccb622637be6,uniform_task,0,26,9,50
4841ccb622637be6,uniform_task,0,27,0,50
4841ccb622637be6,uniform_task,0,27,1,50
4841ccb622637be6,uniform_task,0,27,2,50
4841ccb622637be6,uniform_task,0,27,3,50
4841ccb622637be6,uniform_task,0,27,4,50
4841ccb622637be6,uniform_task,0,27,5,50
4841ccb622637be6,uniform_task,0,27,6,50
4841ccb622637be6,uniform_task,0,27,7,50
4841ccb622637be6,uniform_task,0,27,8,50
4841ccb622637be6,uniform_task,0,27,9,50
4841ccb622637be6,uniform_task,0,28,0,50
4841ccb622637be6,uniform_task,0,28,1,50
4841ccb622637be6,uniform_task,0,28,2,50
4841ccb622637be6,uniform_task,0,28,3,50
4841ccb622637be6,uniform_task,0,28,4,50
4841ccb622637be6,uniform_task,0,28,5,50
4841ccb622637be6,uniform_task,0,28,6,50
4841ccb622637be6,uniform_task,0,28,7,50
4841ccb622637be6,uniform_task,0,28,8,50
4841ccb622637be6,uniform_task,0,28,9,50
4841ccb622637be6,uniform_task,0,29,0,50
4841ccb622637be6,uniform_task,0,29,1,50
4841ccb622637be6,uniform_task,0,29,2,50
4841ccb622637be6,uniform_task,0,29,3,50
4841ccb622637be6,uniform_task,0,29,4,50
4841ccb622637be6,uniform_task,0,29,5,50
4841ccb622637be6,uniform_task,0,29,6,50
4841ccb622637be6,uniform_task,0,29,7,50
4841ccb622637be6,uniform_task,0,29,8,50
4841ccb622637be6,uniform_task,0,29,9,50
951017962675c339,uniform_task,1,0,0,0
951017962675c339,uniform_task,1,0,1,0
951017962675c339,uniform_task,1,0,2,0
951017962675c339,uniform_task,1,0,3,50
951017962675c339,uniform_task,1,0,4,0
951017962675c339,uniform_task,1,0,5,0
951017962675c339,uniform_task,1,0,6,0
951017962675c339,uniform_task,1,0,7,0
951017962675c339,uniform_task,1,0,8,0
951017962675c339,uniform_task,1,0,9,0
951017962675c339,uniform_task,1,1,0,0
951017962675c339,uniform_task,1,1,1,0
951017962675c339,uniform_task,1,1,2,0
951017962675c339,uniform_task,1,1,3,50
951017962675c339,uniform_task,1,1,4,0
951017962675c339,uniform_task,1,1,5,0
951017962675c339,uniform_task,1,1,6,0
951017962675c339,uniform_task,1,1,7,0
951017962675c339,uniform_task,1,1,8,50
951017962675c339,uniform_task,1,1,9,0
951017962675c339,uniform_task,1,2,0,0
951017962675c339,uniform_task,1,2,1,0
951017962675c339,uniform_task,1,2,2,0
951017962675c339,uniform_task,1,2,3,50
951017962675c339,uniform_task,1,2,4,50
951017962675c339,uniform_task,1,2,5,0
951017962675c339,uniform_task,1,2,6,0
951017962675c339,uniform_task,1,2,7,0
951017962675c339,uniform_task,1,2,8,50
951017962675c339,uniform_task,1,2,9,0
951017962675c339,uniform_task,1,3,0,0
951017962675c339,uniform_task,1,3,1,0
951017962675c339,uniform_task,1,3,2,0
951017962675c339,uniform_task,1,3,3,50
951017962675c339,uniform_task,1,3,4,50
951017962675c339,uniform_task,1,3,5,0
951017962675c339,uniform_task,1,3,6,0
951017962675c339,uniform_task,1,3,7,50
951017962675c339,uniform_task,1,3,8,50
951017962675c339,uniform_task,1,3,9,0
951017962675c339,uniform_task,1,4,0,0
951017962675c339,uniform_task,1,4,1,0
951017962675c339,uniform_task,1,4,2,0
951017962675c339,uniform_task,1,4,3,50
951017962675c339,uniform_task,1,4,4,50
951017962675c339,uniform_task,1,4,5,50
951017962675c339,uniform_task,1,4,6,0
951017962675c339,uniform_task,1,4,7,50
951017962675c339,uniform_task,1,4,8,50
951017962675c339,uniform_task,1,4,9,0
951017962675c339,uniform_task,1,5,0,0
951017962675c339,uniform_task,1,5,1,0
951017962675c339,uniform_task,1,5,2,0
951017962675c339,uniform_task,1,5,3,50
951017962675c339,uniform_task,1,5,4,50
951017962675c339,uniform_task,1,5,5,50
951017962675c339,uniform_task,1,5,6,0
951017962675c339,uniform_task,1,5,7,50
951017962675c339,uniform_task,1,5,8,50
951017962675c339,uniform_task,1,5,9,50
951017962675c339,uniform_task,1,6,0,0
951017962675c339,uniform_task,1,6,1,50
951017962675c339,uniform_task,1,6,2,0
951017962675c339,uniform_task,1,6,3,50
951017962675c339,uniform_task,1,6,4,50
951017962675c339,uniform_task,1,6,5,50
951017962675c339,uniform_task,1,6,6,0
951017962675c339,uniform_task,1,6,7,50
951017962675c339,uniform_task,1,6,8,50
951017962675c339,uniform_task,1,6,9,50
951017962675c339,uniform_task,1,7,0,0
951017962675c339,uniform_task,1,7,1,50
951017962675c339,uniform_task,1,7,2,0
951017962675c339,uniform_task,1,7,3,50
951017962675c339,uniform_task,1,7,4,50
951017962675c339,uniform_task,1,7,5,50
951017962675c339,uniform_task,1,7,6,50
951017962675c339,uniform_task,1,7,7,50
951017962675c339,uniform_task,1,7,8,50
951017962675c339,uniform_task,1,7,9,50
951017962675c339,uniform_task,1,8,0,0
951017962675c339,uniform_task,1,8,1,50
951017962675c339,uniform_task,1,8,2,50
951017962675c339,uniform_task,1,8,3,50
951017962675c339,uniform_task,1,8,4,50
951017962675c339,uniform_task,1,8,5,50
951017962675c339,uniform_task,1,8,6,50
951017962675c339,uniform_task,1,8,7,50
951017962675c339,uniform_task,1,8,8,50
951017962675c339,uniform_task,1,8,9,50
951017962675c339,uniform_task,1,9,0,50
951017962675c339,uniform_task,1,9,1,50
951017962675c339,uniform_task,1,9,2,50
951017962675c339,uniform_task,1,9,3,50
951017962675c339,uniform_task,1,9,4,50
951017962675c339,uniform_task,1,9,5,50
951017962675c339,uniform_task,1,9,6,50
951017962675c339,uniform_task,1,9,7,50
951017962675c339,uniform_task,1,9,8,50
951017962675c339,uniform_task,1,9,9,50
951017962675c339,uniform_task,1,10,0,50
951017962675c339,uniform_task,1,10,1,50
951017962675c339,uniform_task,1,10,2,50
951017962675c339,uniform_task,1,10,3,50
951017962675c339,uniform_task,1,10,4,50
951017962675c339,uniform_task,1,10,5,50
951017962675c339,uniform_task,1,10,6,50
951017962675c339,uniform_task,1,10,7,50
951017962675c339,uniform_task,1,10,8,50
951017962675c339,uniform_task,1,10,9,50
951017962675c339,uniform_task,1,11,0,50
951017962675c339,uniform_task,1,11,1,50
951017962675c339,uniform_task,1,11,2,50
951017962675c339,uniform_task,1,11,3,50
951017962675c339,uniform_task,1,11,4,50
951017962675c339,uniform_task,1,11,5,50
951017962675c339,uniform_task,1,11,6,50
951017962675c339,uniform_task,1,11,7,50
951017962675c339,uniform_task,1,11,8,50
951017962675c339,uniform_task,1,11,9,50
951017962675c339,uniform_task,1,12,0,50
951017962675c339,uniform_task,1,12,1,50
951017962675c339,uniform_task,1,12,2,50
951017962675c339,uniform_task,1,12,3,50
951017962675c339,uniform_task,1,12,4,50
951017962675c339,uniform_task,1,12,5,50
951017962675c339,uniform_task,1,12,6,50
951017962675c339,uniform_task,1,12,7,50
951017962675c339,uniform_task,1,12,8,50
951017962675c339,uniform_task,1,12,9,50
951017962675c339,uniform_task,1,13,0,50
951017962675c339,uniform_task,1,13,1,50
951017962675c339,uniform_task,1,13,2,50
951017962675c339,uniform_task,1,13,3,50
951017962675c339,uniform_task,1,13,4,50
951017962675c339,uniform_task,1,13,5,50
951017962675c339,uniform_task,1,13,6,50
951017962675c339,uniform_task,1,13,7,50
951017962675c339,uniform_task,1,13,8,50
951017962675c339,uniform_task,1,13,9,50
951017962675c339,uniform_task,1,14,0,50
951017962675c339,uniform_task,1,14,1,50
951017962675c339,uniform_task,1,14,2,50
951017962675c339,uniform_task,1,14,3,50
951017962675c339,uniform_task,1,14,4,50
951017962675c339,uniform_task,1,14,5,50
951017962675c339,uniform_task,1,14,6,50
951017962675c339,uniform_task,1,14,7,50
951017962675c339,uniform_task,1,14,8,50
951017962675c339,uniform_task,1,14,9,50
951017962675c339,uniform_task,1,15,0,50
951017962675c339,uniform_task,1,15,1,50
951017962675c339,uniform_task,1,15,2,50
951017962675c339,uniform_task,1,15,3,50
951017962675c339,uniform_task,1,15,4,50
951017962675c339,uniform_task,1,15,5,50
951017962675c339,uniform_task,1,15,6,50
951017962675c339,uniform_task,1,15,7,50
951017962675c339,uniform_task,1,15,8,50
951017962675c339,uniform_task,1,15,9,50
951017962675c339,uniform_task,1,16,0,50
951017962675c339,uniform_task,1,16,1,50
951017962675c339,uniform_task,1,16,2,50
951017962675c339,uniform_task,1,16,3,50
951017962675c339,uniform_task,1,16,4,50
951017962675c339,uniform_task,1,16,5,50
951017962675c339,uniform_task,1,16,6,50
951017962675c339,uniform_task,1,16,7,50
951017962675c339,uniform_task,1,16,8,50
951017962675c339,uniform_task,1,16,9,50
951017962675c339,uniform_task,1,17,0,50
951017962675c339,uniform_task,1,17,1,50
951017962675c339,uniform_task,1,17,2,50
951017962675c339,uniform_task,1,17,3,50
951017962675c339,uniform_task,1,17,4,50
951017962675c339,uniform_task,1,17,5,50
951017962675c339,uniform_task,1,17,6,50
951017962675c339,uniform_task,1,17,7,50
951017962675c339,uniform_task,1,17,8,50
951017962675c339,uniform_task,1,17,9,50
951017962675c339,uniform_task,1,18,0,50
951017962675c339,uniform_task,1,18,1,50
951017962675c339,uniform_task,1,18,2,50
951017962675c339,uniform_task,1,18,3,50
951017962675c339,uniform_task,1,18,4,50
951017962675c339,uniform_task,1,18,5,50
951017962675c339,uniform_task,1,18,6,50
951017962675c339,uniform_task,1,18,7,50
951017962675c339,uniform_task,1,18,8,50
951017962675c339,uniform_task,1,18,9,50
951017962675c339,uniform_task,1,19,0,50
951017962675c339,uniform_task,1,19,1,50
951017962675c339,uniform_task,1,19,2,50
951017962675c339,uniform_task,1,19,3,50
951017962675c339,uniform_task,1,19,4,50
951017962675c339,uniform_task,1,19,5,50
951017962675c339,uniform_task,1,19,6,50
951017962675c339,uniform_task,1,19,7,50
951017962675c339,uniform_task,1,19,8,50
951017962675c339,uniform_task,1,19,9,50
951017962675c339,uniform_task,1,20,0,50
951017962675c339,uniform_task,1,20,1,50
951017962675c339,uniform_task,1,20,2,50
951017962675c339,uniform_task,1,20,3,50
951017962675c339,uniform_task,1,20,4,50
951017962675c339,uniform_task,1,20,5,50
951017962675c339,uniform_task,1,20,6,50
951017962675c339,uniform_task,1,20,7,50
951017962675c339,uniform_task,1,20,8,50
951017962675c339,uniform_task,1,20,9,50
951017962675c339,uniform_task,1,21,0,50
951017962675c339,uniform_task,1,21,1,50
951017962675c339,uniform_task,1,21,2,50
951017962675c339,uniform_task,1,21,3,50
951017962675c339,uniform_task,1,21,4,50
951017962675c339,uniform_task,1,21,5,50
951017962675c339,uniform_task,1,21,6,50
951017962675c339,uniform_task,1,21,7,50
951017962675c339,uniform_task,1,21,8,50
951017962675c339,uniform_task,1,21,9,50
951017962675c339,uniform_task,1,22,0,50
951017962675c339,uniform_task,1,22,1,50
951017962675c339,uniform_task,1,22,2,50
951017962675c339,uniform_task,1,22,3,50
951017962675c339,uniform_task,1,22,4,50
951017962675c339,uniform_task,1,22,5,50
951017962675c339,uniform_task,1,22,6,50
951017962675c339,uniform_task,1,22,7,50
951017962675c339,uniform_task,1,22,8,50
951017962675c339,uniform_task,1,22,9,50
951017962675c339,uniform_task,1,23,0,50
951017962675c339,uniform_task,1,23,1,50
951017962675c339,uniform_task,1,23,2,50
951017962675c339,uniform_task,1,23,3,50
951017962675c339,uniform_task,1,23,4,50
951017962675c339,uniform_task,1,23,5,50
951017962675c339,uniform_task,1,23,6,50
951017962675c339,uniform_task,1,23,7,50
951017962675c339,uniform_task,1,23,8,50
951017962675c339,uniform_task,1,23,9,50
951017962675c339,uniform_task,1,24,0,50
951017962675c339,uniform_task,1,24,1,50
951017962675c339,uniform_task,1,24,2,50
951017962675c339,uniform_task,1,24,3,50
951017962675c339,uniform_task,1,24,4,50
951017962675c339,uniform_task,1,24,5,50
951017962675c339,uniform_task,1,24,6,50
951017962675c339,uniform_task,1,24,7,50
951017962675c339,uniform_task,1,24,8,50
951017962675c339,uniform_task,1,24,9,50
951017962675c339,uniform_task,1,25,0,50
951017962675c339,uniform_task,1,25,1,50
951017962675c339,uniform_task,1,25,2,50
951017962675c339,uniform_task,1,25,3,50
951017962675c339,uniform_task,1,25,4,50
951017962675c339,uniform_task,1,25,5,50
951017962675c339,uniform_task,1,25,6,50
951017962675c339,uniform_task,1,25,7,50
951017962675c339,uniform_task,1,25,8,50
951017962675c339,uniform_task,1,25,9,50
951017962675c339,uniform_task,1,26,0,50
951017962675c339,uniform_task,1,26,1,50
951017962675c339,uniform_task,1,26,2,50
951017962675c339,uniform_task,1,26,3,50
951017962675c339,uniform_task,1,26,4,50
951017962675c339,uniform_task,1,26,5,50
951017962675c339,uniform_task,1,26,6,50
951017962675c339,uniform_task,1,26,7,50
951017962675c339,uniform_task,1,26,8,50
951017962675c339,uniform_task,1,26,9,50
951017962675c339,uniform_task,1,27,0,50
951017962675c339,uniform_task,1,27,1,50
951017962675c339,uniform_task,1,27,2,50
951017962675c339,uniform_task,1,27,3,50
951017962675c339,uniform_task,1,27,4,50
951017962675c339,uniform_task,1,27,5,50
951017962675c339,uniform_task,1,27,6,50
951017962675c339,uniform_task,1,27,7,50
951017962675c339,uniform_task,1,27,8,50
951017962675c339,uniform_task,1,27,9,50
951017962675c339,uniform_task,1,28,0,50
951017962675c339,uniform_task,1,28,1,50
951017962675c339,uniform_task,1,28,2,50
951017962675c339,uniform_task,1,28,3,50
951017962675c339,uniform_task,1,28,4,50
951017962675c339,uniform_task,1,28,5,50
951017962675c339,uniform_task,1,28,6,50
951017962675c339,uniform_task,1,28,7,50
951017962675c339,uniform_task,1,28,8,50
951017962675c339,uniform_task,1,28,9,50
951017962675c339,uniform_task,1,29,0,50
951017962675c339,uniform_task,1,29,1,50
951017962675c339,uniform_task,1,29,2,50
951017962675c339,uniform_task,1,29,3,50
951017962675c339,uniform_task,1,29,4,50
951017962675c339,uniform_task,1,29,5,50
951017962675c339,uniform_task,1,29,6,50
951017962675c339,uniform_task,1,29,7,50
951017962675c339,uniform_task,1,29,8,50
951017962675c339,uniform_task,1,29,9,50
3dda8a625ba043ee,uniform_task,2,0,0,0
3dda8a625ba043ee,uniform_task,2,0,1,0
3dda8a625ba043ee,uniform_task,2,0,2,0
3dda8a625ba043ee,uniform_task,2,0,3,0
3dda8a625ba043ee,uniform_task,2,0,4,0
3dda8a625ba043ee,uniform_task,2,0,5,0
3dda8a625ba043ee,uniform_task,2,0,6,50
3dda8a625ba043ee,uniform_task,2,0,7,0
3dda8a625ba043ee,uniform_task,2,0,8,0
3dda8a625ba043ee,uniform_task,2,0,9,0
3dda8a625ba043ee,uniform_task,2,1,0,0
3dda8a625ba043ee,uniform_task,2,1,1,0
3dda8a625ba043ee,uniform_task,2,1,2,0
3dda8a625ba043ee,uniform_task,2,1,3,0
3dda8a625ba043ee,uniform_task,2,1,4,0
3dda8a625ba043ee,uniform_task,2,1,5,0
3dda8a625ba043ee,uniform_task,2,1,6,50
3dda8a625ba043ee,uniform_task,2,1,7,0
3dda8a625ba043ee,uniform_task,2,1,8,50
3dda8a625ba043ee,uniform_task,2,1,9,0
3dda8a625ba043ee,uniform_task,2,2,0,0
3dda8a625ba043ee,uniform_task,2,2,1,0
3dda8a625ba043ee,uniform_task,2,2,2,0
3dda8a625ba043ee,uniform_task,2,2,3,0
3dda8a625ba043ee,uniform_task,2,2,4,0
3dda8a625ba043ee,uniform_task,2,2,5,50
3dda8a625ba043ee,uniform_task,2,2,6,50
3dda8a625ba043ee,uniform_task,2,2,7,0
3dda8a625ba043ee,uniform_task,2,2,8,50
3dda8a625ba043ee,uniform_task,2,2,9,0
3dda8a625ba043ee,uniform_task,2,3,0,50
3dda8a625ba043ee,uniform_task,2,3,1,0
3dda8a625ba043ee,uniform_task,2,3,2,0
3dda8a625ba043ee,uniform_task,2,3,3,0
3dda8a625ba043ee,uniform_task,2,3,4,0
3dda8a625ba043ee,uniform_task,2,3,5,50
3dda8a625ba043ee,uniform_task,2,3,6,50
3dda8a625ba043ee,uniform_task,2,3,7,0
3dda8a625ba043ee,uniform_task,2,3,8,50
3dda8a625ba043ee,uniform_task,2,3,9,0
3dda8a625ba043ee,uniform_task,2,4,0,50
3dda8a625ba043ee,uniform_task,2,4,1,0
3dda8a625ba043ee,uniform_task,2,4,2,0
3dda8a625ba043ee,uniform_task,2,4,3,0
3dda8a625ba043ee,uniform_task,2,4,4,0
3dda8a625ba043ee,uniform_task,2,4,5,50
3dda8a625ba043ee,uniform_task,2,4,6,50
3dda8a625ba043ee,uniform_task,2,4,7,50
3dda8a625ba043ee,uniform_task,2,4,8,50
3dda8a625ba043ee,uniform_task,2,4,9,0
3dda8a625ba043ee,uniform_task,2,5,0,50
3dda8a625ba043ee,uniform_task,2,5,1,0
3dda8a625ba043ee,uniform_task,2,5,2,0
3dda8a625ba043ee,uniform_task,2,5,3,50
3dda8a625ba043ee,uniform_task,2,5,4,0
3dda8a625ba043ee,uniform_task,2,5,5,50
3dda8a625ba043ee,uniform_task,2,5,6,50
3dda8a625ba043ee,uniform_task,2,5,7,50
3dda8a625ba043ee,uniform_task,2,5,8,50
3dda8a625ba043ee,uniform_task,2,5,9,0
3dda8a625ba043ee,uniform_task,2,6,0,50
3dda8a625ba043ee,uniform_task,2,6,1,0
3dda8a625ba043ee,uniform_task,2,6,2,0
3dda8a625ba043ee,uniform_task,2,6,3,50
3dda8a625ba043ee,uniform_task,2,6,4,50
3dda8a625ba043ee,uniform_task,2,6,5,50
3dda8a625ba043ee,uniform_task,2,6,6,50
3dda8a625ba043ee,uniform_task,2,6,7,50
3dda8a625ba043ee,uniform_task,2,6,8,50
3dda8a625ba043ee,uniform_task,2,6,9,0
3dda8a625ba043ee,uniform_task,2,7,0,50
3dda8a625ba043ee,uniform_task,2,7,1,50
3dda8a625ba043ee,uniform_task,2,7,2,0
3dda8a625ba043ee,uniform_task,2,7,3,50
3dda8a625ba043ee,uniform_task,2,7,4,50
3dda8a625ba043ee,uniform_task,2,7,5,50
3dda8a625ba043ee,uniform_task,2,7,6,50
3dda8a625ba043ee,uniform_task,2,7,7,50
3dda8a625ba043ee,uniform_task,2,7,8,50
3dda8a625ba043ee,uniform_task,2,7,9,0
3dda8a625ba043ee,uniform_task,2,8,0,50
3dda8a625ba043ee,uniform_task,2,8,1,50
3dda8a625ba043ee,uniform_task,2,8,2,0
3dda8a625ba043ee,uniform_task,2,8,3,50
3dda8a625ba043ee,uniform_task,2,8,4,50
3dda8a625ba043ee,uniform_task,2,8,5,50
3dda8a625ba043ee,uniform_task,2,8,6,50
3dda8a625ba043ee,uniform_task,2,8,7,50
3dda8a625ba043ee,uniform_task,2,8,8,50
3dda8a625ba043ee,uniform_task,2,8,9,50
3dda8a625ba043ee,uniform_task,2,9,0,50
3dda8a625ba043ee,uniform_task,2,9,1,50
3dda8a625ba043ee,uniform_task,2,9,2,50
3dda8a625ba043ee,uniform_task,2,9,3,50
3dda8a625ba043ee,uniform_task,2,9,4,50
3dda8a625ba043ee,uniform_task,2,9,5,50
3dda8a625ba043ee,uniform_task,2,9,6,50
3dda8a625ba043ee,uniform_task,2,9,7,50
3dda8a625ba043ee,uniform_task,2,9,8,50
3dda8a625ba043ee,uniform_task,2,9,9,50
3dda8a625ba043ee,uniform_task,2,10,0,50
3dda8a625ba043ee,uniform_task,2,10,1,50
3dda8a625ba043ee,uniform_task,2,10,2,50
3dda8a625ba043ee,uniform_task,2,10,3,50
3dda8a625ba043ee,uniform_task,2,10,4,50
3dda8a625ba043ee,uniform_task,2,10,5,50
3dda8a625ba043ee,uniform_task,2,10,6,50
3dda8a625ba043ee,uniform_task,2,10,7,50
3dda8a625ba043ee,uniform_task,2,10,8,50
3dda8a625ba043ee,uniform_task,2,10,9,50
3dda8a625ba043ee,uniform_task,2,11,0,50
3dda8a625ba043ee,uniform_task,2,11,1,50
3dda8a625ba043ee,uniform_task,2,11,2,50
3dda8a625ba043ee,uniform_task,2,11,3,50
3dda8a625ba043ee,uniform_task,2,11,4,50
3dda8a625ba043ee,uniform_task,2,11,5,50
3dda8a625ba043ee,uniform_task,2,11,6,50
3dda8a625ba043ee,uniform_task,2,11,7,50
3dda8a625ba043ee,uniform_task,2,11,8,50
3dda8a625ba043ee,uniform_task,2,11,9,50
3dda8a625ba043ee,uniform_task,2,12,0,50
3dda8a625ba043ee,uniform_task,2,12,1,50
3dda8a625ba043ee,uniform_task,2,12,2,50
3dda8a625ba043ee,uniform_task,2,12,3,50
3dda8a625ba043ee,uniform_task,2,12,4,50
3dda8a625ba043ee,uniform_task,2,12,5,50
3dda8a625ba043ee,uniform_task,2,12,6,50
3dda8a625ba043ee,uniform_task,2,12,7,50
3dda8a625ba043ee,uniform_task,2,12,8,50
3dda8a625ba043ee,uniform_task,2,12,9,50
3dda8a625ba043ee,uniform_task,2,13,0,50
3dda8a625ba043ee,uniform_task,2,13,1,50
3dda8a625ba043ee,uniform_task,2,13,2,50
3dda8a625ba043ee,uniform_task,2,13,3,50
3dda8a625ba043ee,uniform_task,2,13,4,50
3dda8a625ba043ee,uniform_task,2,13,5,50
3dda8a625ba043ee,uniform_task,2,13,6,50
3dda8a625ba043ee,uniform_task,2,13,7,50
3dda8a625ba043ee,uniform_task,2,13,8,50
3dda8a625ba043ee,uniform_task,2,13,9,50
3dda8a625ba043ee,uniform_task,2,14,0,50
3dda8a625ba043ee,uniform_task,2,14,1,50
3dda8a625ba043ee,uniform_task,2,14,2,50
3dda8a625ba043ee,uniform_task,2,14,3,50
3dda8a625ba043ee,uniform_task,2,14,4,50
3dda8a625ba043ee,uniform_task,2,14,5,50
3dda8a625ba043ee,uniform_task,2,14,6,50
3dda8a625ba043ee,uniform_task,2,14,7,50
3dda8a625ba043ee,uniform_task,2,14,8,50
3dda8a625ba043ee,uniform_task,2,14,9,50
3dda8a625ba043ee,uniform_task,2,15,0,50
3dda8a625ba043ee,uniform_task,2,15,1,50
3dda8a625ba043ee,uniform_task,2,15,2,50
3dda8a625ba043ee,uniform_task,2,15,3,50
3dda8a625ba043ee,uniform_task,2,15,4,50
3dda8a625ba043ee,uniform_task,2,15,5,50
3dda8a625ba043ee,uniform_task,2,15,6,50
3dda8a625ba043ee,uniform_task,2,15,7,50
3dda8a625ba043ee,uniform_task,2,15,8,50
3dda8a625ba043ee,uniform_task,2,15,9,50
3dda8a625ba043ee,uniform_task,2,16,0,50
3dda8a625ba043ee,uniform_task,2,16,1,50
3dda8a625ba043ee,uniform_task,2,16,2,50
3dda8a625ba043ee,uniform_task,2,16,3,50
3dda8a625ba043ee,uniform_task,2,16,4,50
3dda8a625ba043ee,uniform_task,2,16,5,50
3dda8a625ba043ee,uniform_task,2,16,6,50
3dda8a625ba043ee,uniform_task,2,16,7,50
3dda8a625ba043ee,uniform_task,2,16,8,50
3dda8a625ba043ee,uniform_task,2,16,9,50
3dda8a625ba043ee,uniform_task,2,17,0,50
3dda8a625ba043ee,uniform_task,2,17,1,50
3dda8a625ba043ee,uniform_task,2,17,2,50
3dda8a625ba043ee,uniform_task,2,17,3,50
3dda8a625ba043ee,uniform_task,2,17,4,50
3dda8a625ba043ee,uniform_task,2,17,5,50
3dda8a625ba043ee,uniform_task,2,17,6,50
3dda8a625ba043ee,uniform_task,2,17,7,50
3dda8a625ba043ee,uniform_task,2,17,8,50
3dda8a625ba043ee,uniform_task,2,17,9,50
3dda8a625ba043ee,uniform_task,2,18,0,50
3dda8a625ba043ee,uniform_task,2,18,1,50
3dda8a625ba043ee,uniform_task,2,18,2,50
3dda8a625ba043ee,uniform_task,2,18,3,50
3dda8a625ba043ee,uniform_task,2,18,4,50
3dda8a625ba043ee,uniform_task,2,18,5,50
3dda8a625ba043ee,uniform_task,2,18,6,50
3dda8a625ba043ee,uniform_task,2,18,7,50
3dda8a625ba043ee,uniform_task,2,18,8,50
3dda8a625ba043ee,uniform_task,2,18,9,50
3dda8a625ba043ee,uniform_task,2,19,0,50
3dda8a625ba043ee,uniform_task,2,19,1,50
3dda8a625ba043ee,uniform_task,2,19,2,50
3dda8a625ba043ee,uniform_task,2,19,3,50
3dda8a625ba043ee,uniform_task,2,19,4,50
3dda8a625ba043ee,uniform_task,2,19,5,50
3dda8a625ba043ee,uniform_task,2,19,6,50
3dda8a625ba043ee,uniform_task,2,19,7,50
3dda8a625ba043ee,uniform_task,2,19,8,50
3dda8a625ba043ee,uniform_task,2,19,9,50
3dda8a625ba043ee,uniform_task,2,20,0,50
3dda8a625ba043ee,uniform_task,2,20,1,50
3dda8a625ba043ee,uniform_task,2,20,2,50
3dda8a625ba043ee,uniform_task,2,20,3,50
3dda8a625ba043ee,uniform_task,2,20,4,50
3dda8a625ba043ee,uniform_task,2,20,5,50
3dda8a625ba043ee,uniform_task,2,20,6,50
3dda8a625ba043ee,uniform_task,2,20,7,50
3dda8a625ba043ee,uniform_task,2,20,8,50
3dda8a625ba043ee,uniform_task,2,20,9,50
3dda8a625ba043ee,uniform_task,2,21,0,50
3dda8a625ba043ee,uniform_task,2,21,1,50
3dda8a625ba043ee,uniform_task,2,21,2,50
3dda8a625ba043ee,uniform_task,2,21,3,50
3dda8a625ba043ee,uniform_task,2,21,4,50
3dda8a625ba043ee,uniform_task,2,21,5,50
3dda8a625ba043ee,uniform_task,2,21,6,50
3dda8a625ba043ee,uniform_task,2,21,7,50
3dda8a625ba043ee,uniform_task,2,21,8,50
3dda8a625ba043ee,uniform_task,2,21,9,50
3dda8a625ba043ee,uniform_task,2,22,0,50
3dda8a625ba043ee,uniform_task,2,22,1,50
3dda8a625ba043ee,uniform_task,2,22,2,50
3dda8a625ba043ee,uniform_task,2,22,3,50
3dda8a625ba043ee,uniform_task,2,22,4,50
3dda8a625ba043ee,uniform_task,2,22,5,50
3dda8a625ba043ee,uniform_task,2,22,6,50
3dda8a625ba043ee,uniform_task,2,22,7,50
3dda8a625ba043ee,uniform_task,2,22,8,50
3dda8a625ba043ee,uniform_task,2,22,9,50
3dda8a625ba043ee,uniform_task,2,23,0,50
3dda8a625ba043ee,uniform_task,2,23,1,50
3dda8a625ba043ee,uniform_task,2,23,2,50
3dda8a625ba043ee,uniform_task,2,23,3,50
3dda8a625ba043ee,uniform_task,2,23,4,50
3dda8a625ba043ee,uniform_task,2,23,5,50
3dda8a625ba043ee,uniform_task,2,23,6,50
3dda8a625ba043ee,uniform_task,2,23,7,50
3dda8a625ba043ee,uniform_task,2,23,8,50
3dda8a625ba043ee,uniform_task,2,23,9,50
3dda8a625ba043ee,uniform_task,2,24,0,50
3dda8a625ba043ee,uniform_task,2,24,1,50
3dda8a625ba043ee,uniform_task,2,24,2,50
3dda8a625ba043ee,uniform_task,2,24,3,50
3dda8a625ba043ee,uniform_task,2,24,4,50
3dda8a625ba043ee,uniform_task,2,24,5,50
3dda8a625ba043ee,uniform_task,2,24,6,50
3dda8a625ba043ee,uniform_task,2,24,7,50
3dda8a625ba043ee,uniform_task,2,24,8,50
3dda8a625ba043ee,uniform_task,2,24,9,50
3dda8a625ba043ee,uniform_task,2,25,0,50
3dda8a625ba043ee,uniform_task,2,25,1,50
3dda8a625ba043ee,uniform_task,2,25,2,50
3dda8a625ba043ee,uniform_task,2,25,3,50
3dda8a625ba043ee,uniform_task,2,25,4,50
3dda8a625ba043ee,uniform_task,2,25,5,50
3dda8a625ba043ee,uniform_task,2,25,6,50
3dda8a625ba043ee,uniform_task,2,25,7,50
3dda8a625ba043ee,uniform_task,2,25,8,50
3dda8a625ba043ee,uniform_task,2,25,9,50
3dda8a625ba043ee,uniform_task,2,26,0,50
3dda8a625ba043ee,uniform_task,2,26,1,50
3dda8a625ba043ee,uniform_task,2,26,2,50
3dda8a625ba043ee,uniform_task,2,26,3,50
3dda8a625ba043ee,uniform_task,2,26,4,50
3dda8a625ba043ee,uniform_task,2,26,5,50
3dda8a625ba043ee,uniform_task,2,26,6,50
3dda8a625ba043ee,uniform_task,2,26,7,50
3dda8a625ba043ee,uniform_task,2,26,8,50
3dda8a625ba043ee,uniform_task,2,26,9,50
3dda8a625ba043ee,uniform_task,2,27,0,50
3dda8a625ba043ee,uniform_task,2,27,1,50
3dda8a625ba043ee,uniform_task,2,27,2,50
3dda8a625ba043ee,uniform_task,2,27,3,50
3dda8a625ba043ee,uniform_task,2,27,4,50
3dda8a625ba043ee,uniform_task,2,27,5,50
3dda8a625ba043ee,uniform_task,2,27,6,50
3dda8a625ba043ee,uniform_task,2,27,7,50
3dda8a625ba043ee,uniform_task,2,27,8,50
3dda8a625ba043ee,uniform_task,2,27,9,50
3dda8a625ba043ee,uniform_task,2,28,0,50
3dda8a625ba043ee,uniform_task,2,28,1,50
3dda8a625ba043ee,uniform_task,2,28,2,50
3dda8a625ba043ee,uniform_task,2,28,3,50
3dda8a625ba043ee,uniform_task,2,28,4,50
3dda8a625ba043ee,uniform_task,2,28,5,50
3dda8a625ba043ee,uniform_task,2,28,6,50
3dda8a625ba043ee,uniform_task,2,28,7,50
3dda8a625ba043ee,uniform_task,2,28,8,50
3dda8a625ba043ee,uniform_task,2,28,9,50
3dda8a625ba043ee,uniform_task,2,29,0,50
3dda8a625ba043ee,uniform_task,2,29,1,50
3dda8a625ba043ee,uniform_task,2,29,2,50
3dda8a625ba043ee,uniform_task,2,29,3,50
3dda8a625ba043ee,uniform_task,2,29,4,50
3dda8a625ba043ee,uniform_task,2,29,5,50
3dda8a625ba043ee,uniform_task,2,29,6,50
3dda8a625ba043ee,uniform_task,2,29,7,50
3dda8a625ba043ee,uniform_task,2,29,8,50
3dda8a625ba043ee,uniform_task,2,29,9,50
32d7b9e95a086003,uniform_task,3,0,0,0
32d7b9e95a086003,uniform_task,3,0,1,0
32d7b9e95a086003,uniform_task,3,0,2,50
32d7b9e95a086003,uniform_task,3,0,3,0
32d7b9e95a086003,uniform_task,3,0,4,0
32d7b9e95a086003,uniform_task,3,0,5,0
32d7b9e95a086003,uniform_task,3,0,6,0
32d7b9e95a086003,uniform_task,3,0,7,0
32d7b9e95a086003,uniform_task,3,0,8,0
32d7b9e95a086003,uniform_task,3,0,9,0
32d7b9e95a086003,uniform_task,3,1,0,0
32d7b9e95a086003,uniform_task,3,1,1,0
32d7b9e95a086003,uniform_task,3,1,2,50
32d7b9e95a086003,uniform_task,3,1,3,0
32d7b9e95a086003,uniform_task,3,1,4,0
32d7b9e95a086003,uniform_task,3,1,5,0
32d7b9e95a086003,uniform_task,3,1,6,0
32d7b9e95a086003,uniform_task,3,1,7,50
32d7b9e95a086003,uniform_task,3,1,8,0
32d7b9e95a086003,uniform_task,3,1,9,0
32d7b9e95a086003,uniform_task,3,2,0,0
32d7b9e95a086003,uniform_task,3,2,1,0
32d7b9e95a086003,uniform_task,3,2,2,50
32d7b9e95a086003,uniform_task,3,2,3,0
32d7b9e95a086003,uniform_task,3,2,4,50
32d7b9e95a086003,uniform_task,3,2,5,0
32d7b9e95a086003,uniform_task,3,2,6,0
32d7b9e95a086003,uniform_task,3,2,7,50
32d7b9e95a086003,uniform_task,3,2,8,0
32d7b9e95a086003,uniform_task,3,2,9,0
32d7b9e95a086003,uniform_task,3,3,0,0
32d7b9e95a086003,uniform_task,3,3,1,0
32d7b9e95a086003,uniform_task,3,3,2,50
32d7b9e95a086003,uniform_task,3,3,3,0
32d7b9e95a086003,uniform_task,3,3,4,50
32d7b9e95a086003,uniform_task,3,3,5,0
32d7b9e95a086003,uniform_task,3,3,6,0
32d7b9e95a086003,uniform_task,3,3,7,50
32d7b9e95a086003,uniform_task,3,3,8,0
32d7b9e95a086003,uniform_task,3,3,9,50
32d7b9e95a086003,uniform_task,3,4,0,50
32d7b9e95a086003,uniform_task,3,4,1,0
32d7b9e95a086003,uniform_task,3,4,2,50
32d7b9e95a086003,uniform_task,3,4,3,0
32d7b9e95a086003,uniform_task,3,4,4,50
32d7b9e95a086003,uniform_task,3,4,5,0
32d7b9e95a086003,uniform_task,3,4,6,0
32d7b9e95a086003,uniform_task,3,4,7,50
32d7b9e95a086003,uniform_task,3,4,8,0
32d7b9e95a086003,uniform_task,3,4,9,50
32d7b9e95a086003,uniform_task,3,5,0,50
32d7b9e95a086003,uniform_task,3,5,1,50
32d7b9e95a086003,uniform_task,3,5,2,50
32d7b9e95a086003,uniform_task,3,5,3,0
32d7b9e95a086003,uniform_task,3,5,4,50
32d7b9e95a086003,uniform_task,3,5,5,0
32d7b9e95a086003,uniform_task,3,5,6,0
32d7b9e95a086003,uniform_task,3,5,7,50
32d7b9e95a086003,uniform_task,3,5,8,0
32d7b9e95a086003,uniform_task,3,5,9,50
32d7b9e95a086003,uniform_task,3,6,0,50
32d7b9e95a086003,uniform_task,3,6,1,50
32d7b9e95a086003,uniform_task,3,6,2,50
32d7b9e95a086003,uniform_task,3,6,3,0
32d7b9e95a086003,uniform_task,3,6,4,50
32d7b9e95a086003,uniform_task,3,6,5,0
32d7b9e95a086003,uniform_task,3,6,6,50
32d7b9e95a086003,uniform_task,3,6,7,50
32d7b9e95a086003,uniform_task,3,6,8,0
32d7b9e95a086003,uniform_task,3,6,9,50
32d7b9e95a086003,uniform_task,3,7,0,50
32d7b9e95a086003,uniform_task,3,7,1,50
32d7b9e95a086003,uniform_task,3,7,2,50
32d7b9e95a086003,uniform_task,3,7,3,0
32d7b9e95a086003,uniform_task,3,7,4,50
32d7b9e95a086003,uniform_task,3,7,5,0
32d7b9e95a086003,uniform_task,3,7,6,50
32d7b9e95a086003,uniform_task,3,7,7,50
32d7b9e95a086003,uniform_task,3,7,8,50
32d7b9e95a086003,uniform_task,3,7,9,50
32d7b9e95a086003,uniform_task,3,8,0,50
32d7b9e95a086003,uniform_task,3,8,1,50
32d7b9e95a086003,uniform_task,3,8,2,50
32d7b9e95a086003,uniform_task,3,8,3,50
32d7b9e95a086003,uniform_task,3,8,4,50
32d7b9e95a086003,uniform_task,3,8,5,0
32d7b9e95a086003,uniform_task,3,8,6,50
32d7b9e95a086003,uniform_task,3,8,7,50
32d7b9e95a086003,uniform_task,3,8,8,50
32d7b9e95a086003,uniform_task,3,8,9,50
32d7b9e95a086003,uniform_task,3,9,0,50
32d7b9e95a086003,uniform_task,3,9,1,50
32d7b9e95a086003,uniform_task,3,9,2,50
32d7b9e95a086003,uniform_task,3,9,3,50
32d7b9e95a086003,uniform_task,3,9,4,50
32d7b9e95a086003,uniform_task,3,9,5,50
32d7b9e95a086003,uniform_task,3,9,6,50
32d7b9e95a086003,uniform_task,3,9,7,50
32d7b9e95a086003,uniform_task,3,9,8,50
32d7b9e95a086003,uniform_task,3,9,9,50
32d7b9e95a086003,uniform_task,3,10,0,50
32d7b9e95a086003,uniform_task,3,10,1,50
32d7b9e95a086003,uniform_task,3,10,2,50
32d7b9e95a086003,uniform_task,3,10,3,50
32d7b9e95a086003,uniform_task,3,10,4,50
32d7b9e95a086003,uniform_task,3,10,5,50
32d7b9e95a086003,uniform_task,3,10,6,50
32d7b9e95a086003,uniform_task,3,10,7,50
32d7b9e95a086003,uniform_task,3,10,8,50
32d7b9e95a086003,uniform_task,3,10,9,50
32d7b9e95a086003,uniform_task,3,11,0,50
32d7b9e95a086003,uniform_task,3,11,1,50
32d7b9e95a086003,uniform_task,3,11,2,50
32d7b9e95a086003,uniform_task,3,11,3,50
32d7b9e95a086003,uniform_task,3,11,4,50
32d7b9e95a086003,uniform_task,3,11,5,50
32d7b9e95a086003,uniform_task,3,11,6,50
32d7b9e95a086003,uniform_task,3,11,7,50
32d7b9e95a086003,uniform_task,3,11,8,50
32d7b9e95a086003,uniform_task,3,11,9,50
32d7b9e95a086003,uniform_task,3,12,0,50
32d7b9e95a086003,uniform_task,3,12,1,50
32d7b9e95a086003,uniform_task,3,12,2,50
32d7b9e95a086003,uniform_task,3,12,3,50
32d7b9e95a086003,uniform_task,3,12,4,50
32d7b9e95a086003,uniform_task,3,12,5,50
32d7b9e95a086003,uniform_task,3,12,6,50
32d7b9e95a086003,uniform_task,3,12,7,50
32d7b9e95a086003,uniform_task,3,12,8,50
32d7b9e95a086003,uniform_task,3,12,9,50
32d7b9e95a086003,uniform_task,3,13,0,50
32d7b9e95a086003,uniform_task,3,13,1,50
32d7b9e95a086003,uniform_task,3,13,2,50
32d7b9e95a086003,uniform_task,3,13,3,50
32d7b9e95a086003,uniform_task,3,13,4,50
32d7b9e95a086003,uniform_task,3,13,5,50
32d7b9e95a086003,uniform_task,3,13,6,50
32d7b9e95a086003,uniform_task,3,13,7,50
32d7b9e95a086003,uniform_task,3,13,8,50
32d7b9e95a086003,uniform_task,3,13,9,50
32d7b9e95a086003,uniform_task,3,14,0,50
32d7b9e95a086003,uniform_task,3,14,1,50
32d7b9e95a086003,uniform_task,3,14,2,50
32d7b9e95a086003,uniform_task,3,14,3,50
32d7b9e95a086003,uniform_task,3,14,4,50
32d7b9e95a086003,uniform_task,3,14,5,50
32d7b9e95a086003,uniform_task,3,14,6,50
32d7b9e95a086003,uniform_task,3,14,7,50
32d7b9e95a086003,uniform_task,3,14,8,50
32d7b9e95a086003,uniform_task,3,14,9,50
32d7b9e95a086003,uniform_task,3,15,0,50
32d7b9e95a086003,uniform_task,3,15,1,50
32d7b9e95a086003,uniform_task,3,15,2,50
32d7b9e95a086003,uniform_task,3,15,3,50
32d7b9e95a086003,uniform_task,3,15,4,50
32d7b9e95a086003,uniform_task,3,15,5,50
32d7b9e95a086003,uniform_task,3,15,6,50
32d7b9e95a086003,uniform_task,3,15,7,50
32d7b9e95a086003,uniform_task,3,15,8,50
32d7b9e95a086003,uniform_task,3,15,9,50
32d7b9e95a086003,uniform_task,3,16,0,50
32d7b9e95a086003,uniform_task,3,16,1,50
32d7b9e95a086003,uniform_task,3,16,2,50
32d7b9e95a086003,uniform_task,3,16,3,50
32d7b9e95a086003,uniform_task,3,16,4,50
32d7b9e95a086003,uniform_task,3,16,5,50
32d7b9e95a086003,uniform_task,3,16,6,50
32d7b9e95a086003,uniform_task,3,16,7,50
32d7b9e95a086003,uniform_task,3,16,8,50
32d7b9e95a086003,uniform_task,3,16,9,50
32d7b9e95a086003,uniform_task,3,17,0,50
32d7b9e95a086003,uniform_task,3,17,1,50
32d7b9e95a086003,uniform_task,3,17,2,50
32d7b9e95a086003,uniform_task,3,17,3,50
32d7b9e95a086003,uniform_task,3,17,4,50
32d7b9e95a086003,uniform_task,3,17,5,50
32d7b9e95a086003,uniform_task,3,17,6,50
32d7b9e95a086003,uniform_task,3,17,7,50
32d7b9e95a086003,uniform_task,3,17,8,50
32d7b9e95a086003,uniform_task,3,17,9,50
32d7b9e95a086003,uniform_task,3,18,0,50
32d7b9e95a086003,uniform_task,3,18,1,50
32d7b9e95a086003,uniform_task,3,18,2,50
32d7b9e95a086003,uniform_task,3,18,3,50
32d7b9e95a086003,uniform_task,3,18,4,50
32d7b9e95a086003,uniform_task,3,18,5,50
32d7b9e95a086003,uniform_task,3,18,6,50
32d7b9e95a086003,uniform_task,3,18,7,50
32d7b9e95a086003,uniform_task,3,18,8,50
32d7b9e95a086003,uniform_task,3,18,9,50
32d7b9e95a086003,uniform_task,3,19,0,50
32d7b9e95a086003,uniform_task,3,19,1,50
32d7b9e95a086003,uniform_task,3,19,2,50
32d7b9e95a086003,uniform_task,3,19,3,50
32d7b9e95a086003,uniform_task,3,19,4,50
32d7b9e95a086003,uniform_task,3,19,5,50
32d7b9e95a086003,uniform_task,3,19,6,50
32d7b9e95a086003,uniform_task,3,19,7,50
32d7b9e95a086003,uniform_task,3,19,8,50
32d7b9e95a086003,uniform_task,3,19,9,50
32d7b9e95a086003,uniform_task,3,20,0,50
32d7b9e95a086003,uniform_task,3,20,1,50
32d7b9e95a086003,uniform_task,3,20,2,50
32d7b9e95a086003,uniform_task,3,20,3,50
32d7b9e95a086003,uniform_task,3,20,4,50
32d7b9e95a086003,uniform_task,3,20,5,50
32d7b9e95a086003,uniform_task,3,20,6,50
32d7b9e95a086003,uniform_task,3,20,7,50
32d7b9e95a086003,uniform_task,3,20,8,50
32d7b9e95a086003,uniform_task,3,20,9,50
32d7b9e95a086003,uniform_task,3,21,0,50
32d7b9e95a086003,uniform_task,3,21,1,50
32d7b9e95a086003,uniform_task,3,21,2,50
32d7b9e95a086003,uniform_task,3,21,3,50
32d7b9e95a086003,uniform_task,3,21,4,50
32d7b9e95a086003,uniform_task,3,21,5,50
32d7b9e95a086003,uniform_task,3,21,6,50
32d7b9e95a086003,uniform_task,3,21,7,50
32d7b9e95a086003,uniform_task,3,21,8,50
32d7b9e95a086003,uniform_task,3,21,9,50
32d7b9e95a086003,uniform_task,3,22,0,50
32d7b9e95a086003,uniform_task,3,22,1,50
32d7b9e95a086003,uniform_task,3,22,2,50
32d7b9e95a086003,uniform_task,3,22,3,50
32d7b9e95a086003,uniform_task,3,22,4,50
32d7b9e95a086003,uniform_task,3,22,5,50
32d7b9e95a086003,uniform_task,3,22,6,50
32d7b9e95a086003,uniform_task,3,22,7,50
32d7b9e95a086003,uniform_task,3,22,8,50
32d7b9e95a086003,uniform_task,3,22,9,50
32d7b9e95a086003,uniform_task,3,23,0,50
32d7b9e95a086003,uniform_task,3,23,1,50
32d7b9e95a086003,uniform_task,3,23,2,50
32d7b9e95a086003,uniform_task,3,23,3,50
32d7b9e95a086003,uniform_task,3,23,4,50
32d7b9e95a086003,uniform_task,3,23,5,50
32d7b9e95a086003,uniform_task,3,23,6,50
32d7b9e95a086003,uniform_task,3,23,7,50
32d7b9e95a086003,uniform_task,3,23,8,50
32d7b9e95a086003,uniform_task,3,23,9,50
32d7b9e95a086003,uniform_task,3,24,0,50
32d7b9e95a086003,uniform_task,3,24,1,50
32d7b9e95a086003,uniform_task,3,24,2,50
32d7b9e95a086003,uniform_task,3,24,3,50
32d7b9e95a086003,uniform_task,3,24,4,50
32d7b9e95a086003,uniform_task,3,24,5,50
32d7b9e95a086003,uniform_task,3,24,6,50
32d7b9e95a086003,uniform_task,3,24,7,50
32d7b9e95a086003,uniform_task,3,24,8,50
32d7b9e95a086003,uniform_task,3,24,9,50
32d7b9e95a086003,uniform_task,3,25,0,50
32d7b9e95a086003,uniform_task,3,25,1,50
32d7b9e95a086003,uniform_task,3,25,2,50
32d7b9e95a086003,uniform_task,3,25,3,50
32d7b9e95a086003,uniform_task,3,25,4,50
32d7b9e95a086003,uniform_task,3,25,5,50
32d7b9e95a086003,uniform_task,3,25,6,50
32d7b9e95a086003,uniform_task,3,25,7,50
32d7b9e95a086003,uniform_task,3,25,8,50
32d7b9e95a086003,uniform_task,3,25,9,50
32d7b9e95a086003,uniform_task,3,26,0,50
32d7b9e95a086003,uniform_task,3,26,1,50
32d7b9e95a086003,uniform_task,3,26,2,50
32d7b9e95a086003,uniform_task,3,26,3,50
32d7b9e95a086003,uniform_task,3,26,4,50
32d7b9e95a086003,uniform_task,3,26,5,50
32d7b9e95a086003,uniform_task,3,26,6,50
32d7b9e95a086003,uniform_task,3,26,7,50
32d7b9e95a086003,uniform_task,3,26,8,50
32d7b9e95a086003,uniform_task,3,26,9,50
32d7b9e95a086003,uniform_task,3,27,0,50
32d7b9e95a086003,uniform_task,3,27,1,50
32d7b9e95a086003,uniform_task,3,27,2,50
32d7b9e95a086003,uniform_task,3,27,3,50
32d7b9e95a086003,uniform_task,3,27,4,50
32d7b9e95a086003,uniform_task,3,27,5,50
32d7b9e95a086003,uniform_task,3,27,6,50
32d7b9e95a086003,uniform_task,3,27,7,50
32d7b9e95a086003,uniform_task,3,27,8,50
32d7b9e95a086003,uniform_task,3,27,9,50
32d7b9e95a086003,uniform_task,3,28,0,50
32d7b9e95a086003,uniform_task,3,28,1,50
32d7b9e95a086003,uniform_task,3,28,2,50
32d7b9e95a086003,uniform_task,3,28,3,50
32d7b9e95a086003,uniform_task,3,28,4,50
32d7b9e95a086003,uniform_task,3,28,5,50
32d7b9e95a086003,uniform_task,3,28,6,50
32d7b9e95a086003,uniform_task,3,28,7,50
32d7b9e95a086003,uniform_task,3,28,8,50
32d7b9e95a086003,uniform_task,3,28,9,50
32d7b9e95a086003,uniform_task,3,29,0,50
32d7b9e95a086003,uniform_task,3,29,1,50
32d7b9e95a086003,uniform_task,3,29,2,50
32d7b9e95a086003,uniform_task,3,29,3,50
32d7b9e95a086003,uniform_task,3,29,4,50
32d7b9e95a086003,uniform_task,3,29,5,50
32d7b9e95a086003,uniform_task,3,29,6,50
32d7b9e95a086003,uniform_task,3,29,7,50
32d7b9e95a086003,uniform_task,3,29,8,50
32d7b9e95a086003,uniform_task,3,29,9,50
0eeb005871a1377a,oracle_frequency_weighted,0,0,0,0
0eeb005871a1377a,oracle_frequency_weighted,0,0,1,0
0eeb005871a1377a,oracle_frequency_weighted,0,0,2,0
0eeb005871a1377a,oracle_frequency_weighted,0,0,3,0
0eeb005871a1377a,oracle_frequency_weighted,0,0,4,0
0eeb005871a1377a,oracle_frequency_weighted,0,0,5,500
0eeb005871a1377a,oracle_frequency_weighted,0,0,6,0
0eeb005871a1377a,oracle_frequency_weighted,0,0,7,0
0eeb005871a1377a,oracle_frequency_weighted,0,0,8,0
0eeb005871a1377a,oracle_frequency_weighted,0,0,9,0
0eeb005871a1377a,oracle_frequency_weighted,0,1,0,0
0eeb005871a1377a,oracle_frequency_weighted,0,1,1,464
0eeb005871a1377a,oracle_frequency_weighted,0,1,2,0
0eeb005871a1377a,oracle_frequency_weighted,0,1,3,0
0eeb005871a1377a,oracle_frequency_weighted,0,1,4,0
0eeb005871a1377a,oracle_frequency_weighted,0,1,5,36
0eeb005871a1377a,oracle_frequency_weighted,0,1,6,0
0eeb005871a1377a,oracle_frequency_weighted,0,1,7,0
0eeb005871a1377a,oracle_frequency_weighted,0,1,8,0
0eeb005871a1377a,oracle_frequency_weighted,0,1,9,0
0eeb005871a1377a,oracle_frequency_weighted,0,2,0,0
0eeb005871a1377a,oracle_frequency_weighted,0,2,1,351
0eeb005871a1377a,oracle_frequency_weighted,0,2,2,0
0eeb005871a1377a,oracle_frequency_weighted,0,2,3,121
0eeb005871a1377a,oracle_frequency_weighted,0,2,4,0
0eeb005871a1377a,oracle_frequency_weighted,0,2,5,28
0eeb005871a1377a,oracle_frequency_weighted,0,2,6,0
0eeb005871a1377a,oracle_frequency_weighted,0,2,7,0
0eeb005871a1377a,oracle_frequency_weighted,0,2,8,0
0eeb005871a1377a,oracle_frequency_weighted,0,2,9,0
0eeb005871a1377a,oracle_frequency_weighted,0,3,0,0
0eeb005871a1377a,oracle_frequency_weighted,0,3,1,332
0eeb005871a1377a,oracle_frequency_weighted,0,3,2,0
0eeb005871a1377a,oracle_frequency_weighted,0,3,3,114
0eeb005871a1377a,oracle_frequency_weighted,0,3,4,0
0eeb005871a1377a,oracle_frequency_weighted,0,3,5,27
0eeb005871a1377a,oracle_frequency_weighted,0,3,6,0
0eeb005871a1377a,oracle_frequency_weighted,0,3,7,27
0eeb005871a1377a,oracle_frequency_weighted,0,3,8,0
0eeb005871a1377a,oracle_frequency_weighted,0,3,9,0
0eeb005871a1377a,oracle_frequency_weighted,0,4,0,0
0eeb005871a1377a,oracle_frequency_weighted,0,4,1,315
0eeb005871a1377a,oracle_frequency_weighted,0,4,2,0
0eeb005871a1377a,oracle_frequency_weighted,0,4,3,108
0eeb005871a1377a,oracle_frequency_weighted,0,4,4,0
0eeb005871a1377a,oracle_frequency_weighted,0,4,5,26
0eeb005871a1377a,oracle_frequency_weighted,0,4,6,0
0eeb005871a1377a,oracle_frequency_weighted,0,4,7,26
0eeb005871a1377a,oracle_frequency_weighted,0,4,8,0
0eeb005871a1377a,oracle_frequency_weighted,0,4,9,25
0eeb005871a1377a,oracle_frequency_weighted,0,5,0,0
0eeb005871a1377a,oracle_frequency_weighted,0,5,1,256
0eeb005871a1377a,oracle_frequency_weighted,0,5,2,89
0eeb005871a1377a,oracle_frequency_weighted,0,5,3,89
0eeb005871a1377a,oracle_frequency_weighted,0,5,4,0
0eeb005871a1377a,oracle_frequency_weighted,0,5,5,22
0eeb005871a1377a,oracle_frequency_weighted,0,5,6,0
0eeb005871a1377a,oracle_frequency_weighted,0,5,7,22
0eeb005871a1377a,oracle_frequency_weighted,0,5,8,0
0eeb005871a1377a,oracle_frequency_weighted,0,5,9,22
0eeb005871a1377a,oracle_frequency_weighted,0,6,0,0
0eeb005871a1377a,oracle_frequency_weighted,0,6,1,216
0eeb005871a1377a,oracle_frequency_weighted,0,6,2,76
0eeb005871a1377a,oracle_frequency_weighted,0,6,3,76
0eeb005871a1377a,oracle_frequency_weighted,0,6,4,75
0eeb005871a1377a,oracle_frequency_weighted,0,6,5,19
0eeb005871a1377a,oracle_frequency_weighted,0,6,6,0
0eeb005871a1377a,oracle_frequency_weighted,0,6,7,19
0eeb005871a1377a,oracle_frequency_weighted,0,6,8,0
0eeb005871a1377a,oracle_frequency_weighted,0,6,9,19
0eeb005871a1377a,oracle_frequency_weighted,0,7,0,0
0eeb005871a1377a,oracle_frequency_weighted,0,7,1,208
0eeb005871a1377a,oracle_frequency_weighted,0,7,2,73
0eeb005871a1377a,oracle_frequency_weighted,0,7,3,73
0eeb005871a1377a,oracle_frequency_weighted,0,7,4,73
0eeb005871a1377a,oracle_frequency_weighted,0,7,5,19
0eeb005871a1377a,oracle_frequency_weighted,0,7,6,0
0eeb005871a1377a,oracle_frequency_weighted,0,7,7,18
0eeb005871a1377a,oracle_frequency_weighted,0,7,8,18
0eeb005871a1377a,oracle_frequency_weighted,0,7,9,18
0eeb005871a1377a,oracle_frequency_weighted,0,8,0,0
0eeb005871a1377a,oracle_frequency_weighted,0,8,1,200
0eeb005871a1377a,oracle_frequency_weighted,0,8,2,70
0eeb005871a1377a,oracle_frequency_weighted,0,8,3,70
0eeb005871a1377a,oracle_frequency_weighted,0,8,4,70
0eeb005871a1377a,oracle_frequency_weighted,0,8,5,18
0eeb005871a1377a,oracle_frequency_weighted,0,8,6,18
0eeb005871a1377a,oracle_frequency_weighted,0,8,7,18
0eeb005871a1377a,oracle_frequency_weighted,0,8,8,18
0eeb005871a1377a,oracle_frequency_weighted,0,8,9,18
0eeb005871a1377a,oracle_frequency_weighted,0,9,0,140
0eeb005871a1377a,oracle_frequency_weighted,0,9,1,140
0eeb005871a1377a,oracle_frequency_weighted,0,9,2,50
0eeb005871a1377a,oracle_frequency_weighted,0,9,3,50
0eeb005871a1377a,oracle_frequency_weighted,0,9,4,50
0eeb005871a1377a,oracle_frequency_weighted,0,9,5,14
0eeb005871a1377a,oracle_frequency_weighted,0,9,6,14
0eeb005871a1377a,oracle_frequency_weighted,0,9,7,14
0eeb005871a1377a,oracle_frequency_weighted,0,9,8,14
0eeb005871a1377a,oracle_frequency_weighted,0,9,9,14
0eeb005871a1377a,oracle_frequency_weighted,0,10,0,140
0eeb005871a1377a,oracle_frequency_weighted,0,10,1,140
0eeb005871a1377a,oracle_frequency_weighted,0,10,2,50
0eeb005871a1377a,oracle_frequency_weighted,0,10,3,50
0eeb005871a1377a,oracle_frequency_weighted,0,10,4,50
0eeb005871a1377a,oracle_frequency_weighted,0,10,5,14
0eeb005871a1377a,oracle_frequency_weighted,0,10,6,14
0eeb005871a1377a,oracle_frequency_weighted,0,10,7,14
0eeb005871a1377a,oracle_frequency_weighted,0,10,8,14
0eeb005871a1377a,oracle_frequency_weighted,0,10,9,14
0eeb005871a1377a,oracle_frequency_weighted,0,11,0,140
0eeb005871a1377a,oracle_frequency_weighted,0,11,1,140
0eeb005871a1377a,oracle_frequency_weighted,0,11,2,50
0eeb005871a1377a,oracle_frequency_weighted,0,11,3,50
0eeb005871a1377a,oracle_frequency_weighted,0,11,4,50
0eeb005871a1377a,oracle_frequency_weighted,0,11,5,14
0eeb005871a1377a,oracle_frequency_weighted,0,11,6,14
0eeb005871a1377a,oracle_frequency_weighted,0,11,7,14
0eeb005871a1377a,oracle_frequency_weighted,0,11,8,14
0eeb005871a1377a,oracle_frequency_weighted,0,11,9,14
0eeb005871a1377a,oracle_frequency_weighted,0,12,0,140
0eeb005871a1377a,oracle_frequency_weighted,0,12,1,140
0eeb005871a1377a,oracle_frequency_weighted,0,12,2,50
0eeb005871a1377a,oracle_frequency_weighted,0,12,3,50
0eeb005871a1377a,oracle_frequency_weighted,0,12,4,50
0eeb005871a1377a,oracle_frequency_weighted,0,12,5,14
0eeb005871a1377a,oracle_frequency_weighted,0,12,6,14
0eeb005871a1377a,oracle_frequency_weighted,0,12,7,14
0eeb005871a1377a,oracle_frequency_weighted,0,12,8,14
0eeb005871a1377a,oracle_frequency_weighted,0,12,9,14
0eeb005871a1377a,oracle_frequency_weighted,0,13,0,140
0eeb005871a1377a,oracle_frequency_weighted,0,13,1,140
0eeb005871a1377a,oracle_frequency_weighted,0,13,2,50
0eeb005871a1377a,oracle_frequency_weighted,0,13,3,50
0eeb005871a1377a,oracle_frequency_weighted,0,13,4,50
0eeb005871a1377a,oracle_frequency_weighted,0,13,5,14
0eeb005871a1377a,oracle_frequency_weighted,0,13,6,14
0eeb005871a1377a,oracle_frequency_weighted,0,13,7,14
0eeb005871a1377a,oracle_frequency_weighted,0,13,8,14
0eeb005871a1377a,oracle_frequency_weighted,0,13,9,14
0eeb005871a1377a,oracle_frequency_weighted,0,14,0,140
0eeb005871a1377a,oracle_frequency_weighted,0,14,1,140
0eeb005871a1377a,oracle_frequency_weighted,0,14,2,50
0eeb005871a1377a,oracle_frequency_weighted,0,14,3,50
0eeb005871a1377a,oracle_frequency_weighted,0,14,4,50
0eeb005871a1377a,oracle_frequency_weighted,0,14,5,14
0eeb005871a1377a,oracle_frequency_weighted,0,14,6,14
0eeb005871a1377a,oracle_frequency_weighted,0,14,7,14
0eeb005871a1377a,oracle_frequency_weighted,0,14,8,14
0eeb005871a1377a,oracle_frequency_weighted,0,14,9,14
0eeb005871a1377a,oracle_frequency_weighted,0,15,0,140
0eeb005871a1377a,oracle_frequency_weighted,0,15,1,140
0eeb005871a1377a,oracle_frequency_weighted,0,15,2,50
0eeb005871a1377a,oracle_frequency_weighted,0,15,3,50
0eeb005871a1377a,oracle_frequency_weighted,0,15,4,50
0eeb005871a1377a,oracle_frequency_weighted,0,15,5,14
0eeb005871a1377a,oracle_frequency_weighted,0,15,6,14
0eeb005871a1377a,oracle_frequency_weighted,0,15,7,14
0eeb005871a1377a,oracle_frequency_weighted,0,15,8,14
0eeb005871a1377a,oracle_frequency_weighted,0,15,9,14
0eeb005871a1377a,oracle_frequency_weighted,0,16,0,140
0eeb005871a1377a,oracle_frequency_weighted,0,16,1,140
0eeb005871a1377a,oracle_frequency_weighted,0,16,2,50
0eeb005871a1377a,oracle_frequency_weighted,0,16,3,50
0eeb005871a1377a,oracle_frequency_weighted,0,16,4,50
0eeb005871a1377a,oracle_frequency_weighted,0,16,5,14
0eeb005871a1377a,oracle_frequency_weighted,0,16,6,14
0eeb005871a1377a,oracle_frequency_weighted,0,16,7,14
0eeb005871a1377a,oracle_frequency_weighted,0,16,8,14
0eeb005871a1377a,oracle_frequency_weighted,0,16,9,14
0eeb005871a1377a,oracle_frequency_weighted,0,17,0,140
0eeb005871a1377a,oracle_frequency_weighted,0,17,1,140
0eeb005871a1377a,oracle_frequency_weighted,0,17,2,50
0eeb005871a1377a,oracle_frequency_weighted,0,17,3,50
0eeb005871a1377a,oracle_frequency_weighted,0,17,4,50
0eeb005871a1377a,oracle_frequency_weighted,0,17,5,14
0eeb005871a1377a,oracle_frequency_weighted,0,17,6,14
0eeb005871a1377a,oracle_frequency_weighted,0,17,7,14
0eeb005871a1377a,oracle_frequency_weighted,0,17,8,14
0eeb005871a1377a,oracle_frequency_weighted,0,17,9,14
0eeb005871a1377a,oracle_frequency_weighted,0,18,0,140
0eeb005871a1377a,oracle_frequency_weighted,0,18,1,140
0eeb005871a1377a,oracle_frequency_weighted,0,18,2,50
0eeb005871a1377a,oracle_frequency_weighted,0,18,3,50
0eeb005871a1377a,oracle_frequency_weighted,0,18,4,50
0eeb005871a1377a,oracle_frequency_weighted,0,18,5,14
0eeb005871a1377a,oracle_frequency_weighted,0,18,6,14
0eeb005871a1377a,oracle_frequency_weighted,0,18,7,14
0eeb005871a1377a,oracle_frequency_weighted,0,18,8,14
0eeb005871a1377a,oracle_frequency_weighted,0,18,9,14
0eeb005871a1377a,oracle_frequency_weighted,0,19,0,140
0eeb005871a1377a,oracle_frequency_weighted,0,19,1,140
0eeb005871a1377a,oracle_frequency_weighted,0,19,2,50
0eeb005871a1377a,oracle_frequency_weighted,0,19,3,50
0eeb005871a1377a,oracle_frequency_weighted,0,19,4,50
0eeb005871a1377a,oracle_frequency_weighted,0,19,5,14
0eeb005871a1377a,oracle_frequency_weighted,0,19,6,14
0eeb005871a1377a,oracle_frequency_weighted,0,19,7,14
0eeb005871a1377a,oracle_frequency_weighted,0,19,8,14
0eeb005871a1377a,oracle_frequency_weighted,0,19,9,14
0eeb005871a1377a,oracle_frequency_weighted,0,20,0,140
0eeb005871a1377a,oracle_frequency_weighted,0,20,1,140
0eeb005871a1377a,oracle_frequency_weighted,0,20,2,50
0eeb005871a1377a,oracle_frequency_weighted,0,20,3,50
0eeb005871a1377a,oracle_frequency_weighted,0,20,4,50
0eeb005871a1377a,oracle_frequency_weighted,0,20,5,14
0eeb005871a1377a,oracle_frequency_weighted,0,20,6,14
0eeb005871a1377a,oracle_frequency_weighted,0,20,7,14
0eeb005871a1377a,oracle_frequency_weighted,0,20,8,14
0eeb005871a1377a,oracle_frequency_weighted,0,20,9,14
0eeb005871a1377a,oracle_frequency_weighted,0,21,0,140
0eeb005871a1377a,oracle_frequency_weighted,0,21,1,140
0eeb005871a1377a,oracle_frequency_weighted,0,21,2,50
0eeb005871a1377a,oracle_frequency_weighted,0,21,3,50
0eeb005871a1377a,oracle_frequency_weighted,0,21,4,50
0eeb005871a1377a,oracle_frequency_weighted,0,21,5,14
0eeb005871a1377a,oracle_frequency_weighted,0,21,6,14
0eeb005871a1377a,oracle_frequency_weighted,0,21,7,14
0eeb005871a1377a,oracle_frequency_weighted,0,21,8,14
0eeb005871a1377a,oracle_frequency_weighted,0,21,9,14
0eeb005871a1377a,oracle_frequency_weighted,0,22,0,140
0eeb005871a1377a,oracle_frequency_weighted,0,22,1,140
0eeb005871a1377a,oracle_frequency_weighted,0,22,2,50
0eeb005871a1377a,oracle_frequency_weighted,0,22,3,50
0eeb005871a1377a,oracle_frequency_weighted,0,22,4,50
0eeb005871a1377a,oracle_frequency_weighted,0,22,5,14
0eeb005871a1377a,oracle_frequency_weighted,0,22,6,14
0eeb005871a1377a,oracle_frequency_weighted,0,22,7,14
0eeb005871a1377a,oracle_frequency_weighted,0,22,8,14
0eeb005871a1377a,oracle_frequency_weighted,0,22,9,14
0eeb005871a1377a,oracle_frequency_weighted,0,23,0,140
0eeb005871a1377a,oracle_frequency_weighted,0,23,1,140
0eeb005871a1377a,oracle_frequency_weighted,0,23,2,50
0eeb005871a1377a,oracle_frequency_weighted,0,23,3,50
0eeb005871a1377a,oracle_frequency_weighted,0,23,4,50
0eeb005871a1377a,oracle_frequency_weighted,0,23,5,14
0eeb005871a1377a,oracle_frequency_weighted,0,23,6,14
0eeb005871a1377a,oracle_frequency_weighted,0,23,7,14
0eeb005871a1377a,oracle_frequency_weighted,0,23,8,14
0eeb005871a1377a,oracle_frequency_weighted,0,23,9,14
0eeb005871a1377a,oracle_frequency_weighted,0,24,0,140
0eeb005871a1377a,oracle_frequency_weighted,0,24,1,140
0eeb005871a1377a,oracle_frequency_weighted,0,24,2,50
0eeb005871a1377a,oracle_frequency_weighted,0,24,3,50
0eeb005871a1377a,oracle_frequency_weighted,0,24,4,50
0eeb005871a1377a,oracle_frequency_weighted,0,24,5,14
0eeb005871a1377a,oracle_frequency_weighted,0,24,6,14
0eeb005871a1377a,oracle_frequency_weighted,0,24,7,14
0eeb005871a1377a,oracle_frequency_weighted,0,24,8,14
0eeb005871a1377a,oracle_frequency_weighted,0,24,9,14
0eeb005871a1377a,oracle_frequency_weighted,0,25,0,140
0eeb005871a1377a,oracle_frequency_weighted,0,25,1,140
0eeb005871a1377a,oracle_frequency_weighted,0,25,2,50
0eeb005871a1377a,oracle_frequency_weighted,0,25,3,50
0eeb005871a1377a,oracle_frequency_weighted,0,25,4,50
0eeb005871a1377a,oracle_frequency_weighted,0,25,5,14
0eeb005871a1377a,oracle_frequency_weighted,0,25,6,14
0eeb005871a1377a,oracle_frequency_weighted,0,25,7,14
0eeb005871a1377a,oracle_frequency_weighted,0,25,8,14
0eeb005871a1377a,oracle_frequency_weighted,0,25,9,14
0eeb005871a1377a,oracle_frequency_weighted,0,26,0,140
0eeb005871a1377a,oracle_frequency_weighted,0,26,1,140
0eeb005871a1377a,oracle_frequency_weighted,0,26,2,50
0eeb005871a1377a,oracle_frequency_weighted,0,26,3,50
0eeb005871a1377a,oracle_frequency_weighted,0,26,4,50
0eeb005871a1377a,oracle_frequency_weighted,0,26,5,14
0eeb005871a1377a,oracle_frequency_weighted,0,26,6,14
0eeb005871a1377a,oracle_frequency_weighted,0,26,7,14
0eeb005871a1377a,oracle_frequency_weighted,0,26,8,14
0eeb005871a1377a,oracle_frequency_weighted,0,26,9,14
0eeb005871a1377a,oracle_frequency_weighted,0,27,0,140
0eeb005871a1377a,oracle_frequency_weighted,0,27,1,140
0eeb005871a1377a,oracle_frequency_weighted,0,27,2,50
0eeb005871a1377a,oracle_frequency_weighted,0,27,3,50
0eeb005871a1377a,oracle_frequency_weighted,0,27,4,50
0eeb005871a1377a,oracle_frequency_weighted,0,27,5,14
0eeb005871a1377a,oracle_frequency_weighted,0,27,6,14
0eeb005871a1377a,oracle_frequency_weighted,0,27,7,14
0eeb005871a1377a,oracle_frequency_weighted,0,27,8,14
0eeb005871a1377a,oracle_frequency_weighted,0,27,9,14
0eeb005871a1377a,oracle_frequency_weighted,0,28,0,140
0eeb005871a1377a,oracle_frequency_weighted,0,28,1,140
0eeb005871a1377a,oracle_frequency_weighted,0,28,2,50
0eeb005871a1377a,oracle_frequency_weighted,0,28,3,50
0eeb005871a1377a,oracle_frequency_weighted,0,28,4,50
0eeb005871a1377a,oracle_frequency_weighted,0,28,5,14
0eeb005871a1377a,oracle_frequency_weighted,0,28,6,14
0eeb005871a1377a,oracle_frequency_weighted,0,28,7,14
0eeb005871a1377a,oracle_frequency_weighted,0,28,8,14
0eeb005871a1377a,oracle_frequency_weighted,0,28,9,14
0eeb005871a1377a,oracle_frequency_weighted,0,29,0,140
0eeb005871a1377a,oracle_frequency_weighted,0,29,1,140
0eeb005871a1377a,oracle_frequency_weighted,0,29,2,50
0eeb005871a1377a,oracle_frequency_weighted,0,29,3,50
0eeb005871a1377a,oracle_frequency_weighted,0,29,4,50
0eeb005871a1377a,oracle_frequency_weighted,0,29,5,14
0eeb005871a1377a,oracle_frequency_weighted,0,29,6,14
0eeb005871a1377a,oracle_frequency_weighted,0,29,7,14
0eeb005871a1377a,oracle_frequency_weighted,0,29,8,14
0eeb005871a1377a,oracle_frequency_weighted,0,29,9,14
46a67f03e1dc21a1,oracle_frequency_weighted,1,0,0,0
46a67f03e1dc21a1,oracle_frequency_weighted,1,0,1,0
46a67f03e1dc21a1,oracle_frequency_weighted,1,0,2,0
46a67f03e1dc21a1,oracle_frequency_weighted,1,0,3,500
46a67f03e1dc21a1,oracle_frequency_weighted,1,0,4,0
46a67f03e1dc21a1,oracle_frequency_weighted,1,0,5,0
46a67f03e1dc21a1,oracle_frequency_weighted,1,0,6,0
46a67f03e1dc21a1,oracle_frequency_weighted,1,0,7,0
46a67f03e1dc21a1,oracle_frequency_weighted,1,0,8,0
46a67f03e1dc21a1,oracle_frequency_weighted,1,0,9,0
46a67f03e1dc21a1,oracle_frequency_weighted,1,1,0,0
46a67f03e1dc21a1,oracle_frequency_weighted,1,1,1,0
46a67f03e1dc21a1,oracle_frequency_weighted,1,1,2,0
46a67f03e1dc21a1,oracle_frequency_weighted,1,1,3,413
46a67f03e1dc21a1,oracle_frequency_weighted,1,1,4,0
46a67f03e1dc21a1,oracle_frequency_weighted,1,1,5,0
46a67f03e1dc21a1,oracle_frequency_weighted,1,1,6,0
46a67f03e1dc21a1,oracle_frequency_weighted,1,1,7,0
46a67f03e1dc21a1,oracle_frequency_weighted,1,1,8,87
46a67f03e1dc21a1,oracle_frequency_weighted,1,1,9,0
46a67f03e1dc21a1,oracle_frequency_weighted,1,2,0,0
46a67f03e1dc21a1,oracle_frequency_weighted,1,2,1,0
46a67f03e1dc21a1,oracle_frequency_weighted,1,2,2,0
46a67f03e1dc21a1,oracle_frequency_weighted,1,2,3,226
46a67f03e1dc21a1,oracle_frequency_weighted,1,2,4,225
46a67f03e1dc21a1,oracle_frequency_weighted,1,2,5,0
46a67f03e1dc21a1,oracle_frequency_weighted,1,2,6,0
46a67f03e1dc21a1,oracle_frequency_weighted,1,2,7,0
46a67f03e1dc21a1,oracle_frequency_weighted,1,2,8,49
46a67f03e1dc21a1,oracle_frequency_weighted,1,2,9,0
46a67f03e1dc21a1,oracle_frequency_weighted,1,3,0,0
46a67f03e1dc21a1,oracle_frequency_weighted,1,3,1,0
46a67f03e1dc21a1,oracle_frequency_weighted,1,3,2,0
46a67f03e1dc21a1,oracle_frequency_weighted,1,3,3,205
46a67f03e1dc21a1,oracle_frequency_weighted,1,3,4,205
46a67f03e1dc21a1,oracle_frequency_weighted,1,3,5,0
46a67f03e1dc21a1,oracle_frequency_weighted,1,3,6,0
46a67f03e1dc21a1,oracle_frequency_weighted,1,3,7,45
46a67f03e1dc21a1,oracle_frequency_weighted,1,3,8,45
46a67f03e1dc21a1,oracle_frequency_weighted,1,3,9,0
46a67f03e1dc21a1,oracle_frequency_weighted,1,4,0,0
46a67f03e1dc21a1,oracle_frequency_weighted,1,4,1,0
46a67f03e1dc21a1,oracle_frequency_weighted,1,4,2,0
46a67f03e1dc21a1,oracle_frequency_weighted,1,4,3,188
46a67f03e1dc21a1,oracle_frequency_weighted,1,4,4,188
46a67f03e1dc21a1,oracle_frequency_weighted,1,4,5,42
46a67f03e1dc21a1,oracle_frequency_weighted,1,4,6,0
46a67f03e1dc21a1,oracle_frequency_weighted,1,4,7,41
46a67f03e1dc21a1,oracle_frequency_weighted,1,4,8,41
46a67f03e1dc21a1,oracle_frequency_weighted,1,4,9,0
46a67f03e1dc21a1,oracle_frequency_weighted,1,5,0,0
46a67f03e1dc21a1,oracle_frequency_weighted,1,5,1,0
46a67f03e1dc21a1,oracle_frequency_weighted,1,5,2,0
46a67f03e1dc21a1,oracle_frequency_weighted,1,5,3,173
46a67f03e1dc21a1,oracle_frequency_weighted,1,5,4,173
46a67f03e1dc21a1,oracle_frequency_weighted,1,5,5,39
46a67f03e1dc21a1,oracle_frequency_weighted,1,5,6,0
46a67f03e1dc21a1,oracle_frequency_weighted,1,5,7,39
46a67f03e1dc21a1,oracle_frequency_weighted,1,5,8,38
46a67f03e1dc21a1,oracle_frequency_weighted,1,5,9,38
46a67f03e1dc21a1,oracle_frequency_weighted,1,6,0,0
46a67f03e1dc21a1,oracle_frequency_weighted,1,6,1,246
46a67f03e1dc21a1,oracle_frequency_weighted,1,6,2,0
46a67f03e1dc21a1,oracle_frequency_weighted,1,6,3,85
46a67f03e1dc21a1,oracle_frequency_weighted,1,6,4,85
46a67f03e1dc21a1,oracle_frequency_weighted,1,6,5,21
46a67f03e1dc21a1,oracle_frequency_weighted,1,6,6,0
46a67f03e1dc21a1,oracle_frequency_weighted,1,6,7,21
46a67f03e1dc21a1,oracle_frequency_weighted,1,6,8,21
46a67f03e1dc21a1,oracle_frequency_weighted,1,6,9,21
46a67f03e1dc21a1,oracle_frequency_weighted,1,7,0,0
46a67f03e1dc21a1,oracle_frequency_weighted,1,7,1,235
46a67f03e1dc21a1,oracle_frequency_weighted,1,7,2,0
46a67f03e1dc21a1,oracle_frequency_weighted,1,7,3,82
46a67f03e1dc21a1,oracle_frequency_weighted,1,7,4,82
46a67f03e1dc21a1,oracle_frequency_weighted,1,7,5,21
46a67f03e1dc21a1,oracle_frequency_weighted,1,7,6,20
46a67f03e1dc21a1,oracle_frequency_weighted,1,7,7,20
46a67f03e1dc21a1,oracle_frequency_weighted,1,7,8,20
46a67f03e1dc21a1,oracle_frequency_weighted,1,7,9,20
46a67f03e1dc21a1,oracle_frequency_weighted,1,8,0,0
46a67f03e1dc21a1,oracle_frequency_weighted,1,8,1,200
46a67f03e1dc21a1,oracle_frequency_weighted,1,8,2,70
46a67f03e1dc21a1,oracle_frequency_weighted,1,8,3,70
46a67f03e1dc21a1,oracle_frequency_weighted,1,8,4,70
46a67f03e1dc21a1,oracle_frequency_weighted,1,8,5,18
46a67f03e1dc21a1,oracle_frequency_weighted,1,8,6,18
46a67f03e1dc21a1,oracle_frequency_weighted,1,8,7,18
46a67f03e1dc21a1,oracle_frequency_weighted,1,8,8,18
46a67f03e1dc21a1,oracle_frequency_weighted,1,8,9,18
46a67f03e1dc21a1,oracle_frequency_weighted,1,9,0,140
46a67f03e1dc21a1,oracle_frequency_weighted,1,9,1,140
46a67f03e1dc21a1,oracle_frequency_weighted,1,9,2,50
46a67f03e1dc21a1,oracle_frequency_weighted,1,9,3,50
46a67f03e1dc21a1,oracle_frequency_weighted,1,9,4,50
46a67f03e1dc21a1,oracle_frequency_weighted,1,9,5,14
46a67f03e1dc21a1,oracle_frequency_weighted,1,9,6,14
46a67f03e1dc21a1,oracle_frequency_weighted,1,9,7,14
46a67f03e1dc21a1,oracle_frequency_weighted,1,9,8,14
46a67f03e1dc21a1,oracle_frequency_weighted,1,9,9,14
46a67f03e1dc21a1,oracle_frequency_weighted,1,10,0,140
46a67f03e1dc21a1,oracle_frequency_weighted,1,10,1,140
46a67f03e1dc21a1,oracle_frequency_weighted,1,10,2,50
46a67f03e1dc21a1,oracle_frequency_weighted,1,10,3,50
46a67f03e1dc21a1,oracle_frequency_weighted,1,10,4,50
46a67f03e1dc21a1,oracle_frequency_weighted,1,10,5,14
46a67f03e1dc21a1,oracle_frequency_weighted,1,10,6,14
46a67f03e1dc21a1,oracle_frequency_weighted,1,10,7,14
46a67f03e1dc21a1,oracle_frequency_weighted,1,10,8,14
46a67f03e1dc21a1,oracle_frequency_weighted,1,10,9,14
46a67f03e1dc21a1,oracle_frequency_weighted,1,11,0,140
46a67f03e1dc21a1,oracle_frequency_weighted,1,11,1,140
46a67f03e1dc21a1,oracle_frequency_weighted,1,11,2,50
46a67f03e1dc21a1,oracle_frequency_weighted,1,11,3,50
46a67f03e1dc21a1,oracle_frequency_weighted,1,11,4,50
46a67f03e1dc21a1,oracle_frequency_weighted,1,11,5,14
46a67f03e1dc21a1,oracle_frequency_weighted,1,11,6,14
46a67f03e1dc21a1,oracle_frequency_weighted,1,11,7,14
46a67f03e1dc21a1,oracle_frequency_weighted,1,11,8,14
46a67f03e1dc21a1,oracle_frequency_weighted,1,11,9,14
46a67f03e1dc21a1,oracle_frequency_weighted,1,12,0,140
46a67f03e1dc21a1,oracle_frequency_weighted,1,12,1,140
46a67f03e1dc21a1,oracle_frequency_weighted,1,12,2,50
46a67f03e1dc21a1,oracle_frequency_weighted,1,12,3,50
46a67f03e1dc21a1,oracle_frequency_weighted,1,12,4,50
46a67f03e1dc21a1,oracle_frequency_weighted,1,12,5,14
46a67f03e1dc21a1,oracle_frequency_weighted,1,12,6,14
46a67f03e1dc21a1,oracle_frequency_weighted,1,12,7,14
46a67f03e1dc21a1,oracle_frequency_weighted,1,12,8,14
46a67f03e1dc21a1,oracle_frequency_weighted,1,12,9,14
46a67f03e1dc21a1,oracle_frequency_weighted,1,13,0,140
46a67f03e1dc21a1,oracle_frequency_weighted,1,13,1,140
46a67f03e1dc21a1,oracle_frequency_weighted,1,13,2,50
46a67f03e1dc21a1,oracle_frequency_weighted,1,13,3,50
46a67f03e1dc21a1,oracle_frequency_weighted,1,13,4,50
46a67f03e1dc21a1,oracle_frequency_weighted,1,13,5,14
46a67f03e1dc21a1,oracle_frequency_weighted,1,13,6,14
46a67f03e1dc21a1,oracle_frequency_weighted,1,13,7,14
46a67f03e1dc21a1,oracle_frequency_weighted,1,13,8,14
46a67f03e1dc21a1,oracle_frequency_weighted,1,13,9,14
46a67f03e1dc21a1,oracle_frequency_weighted,1,14,0,140
46a67f03e1dc21a1,oracle_frequency_weighted,1,14,1,140
46a67f03e1dc21a1,oracle_frequency_weighted,1,14,2,50
46a67f03e1dc21a1,oracle_frequency_weighted,1,14,3,50
46a67f03e1dc21a1,oracle_frequency_weighted,1,14,4,50
46a67f03e1dc21a1,oracle_frequency_weighted,1,14,5,14
46a67f03e1dc21a1,oracle_frequency_weighted,1,14,6,14
46a67f03e1dc21a1,oracle_frequency_weighted,1,14,7,14
46a67f03e1dc21a1,oracle_frequency_weighted,1,14,8,14
46a67f03e1dc21a1,oracle_frequency_weighted,1,14,9,14
46a67f03e1dc21a1,oracle_frequency_weighted,1,15,0,140
46a67f03e1dc21a1,oracle_frequency_weighted,1,15,1,140
46a67f03e1dc21a1,oracle_frequency_weighted,1,15,2,50
46a67f03e1dc21a1,oracle_frequency_weighted,1,15,3,50
46a67f03e1dc21a1,oracle_frequency_weighted,1,15,4,50
46a67f03e1dc21a1,oracle_frequency_weighted,1,15,5,14
46a67f03e1dc21a1,oracle_frequency_weighted,1,15,6,14
46a67f03e1dc21a1,oracle_frequency_weighted,1,15,7,14
46a67f03e1dc21a1,oracle_frequency_weighted,1,15,8,14
46a67f03e1dc21a1,oracle_frequency_weighted,1,15,9,14
46a67f03e1dc21a1,oracle_frequency_weighted,1,16,0,140
46a67f03e1dc21a1,oracle_frequency_weighted,1,16,1,140
46a67f03e1dc21a1,oracle_frequency_weighted,1,16,2,50
46a67f03e1dc21a1,oracle_frequency_weighted,1,16,3,50
46a67f03e1dc21a1,oracle_frequency_weighted,1,16,4,50
46a67f03e1dc21a1,oracle_frequency_weighted,1,16,5,14
46a67f03e1dc21a1,oracle_frequency_weighted,1,16,6,14
46a67f03e1dc21a1,oracle_frequency_weighted,1,16,7,14
46a67f03e1dc21a1,oracle_frequency_weighted,1,16,8,14
46a67f03e1dc21a1,oracle_frequency_weighted,1,16,9,14
46a67f03e1dc21a1,oracle_frequency_weighted,1,17,0,140
46a67f03e1dc21a1,oracle_frequency_weighted,1,17,1,140
46a67f03e1dc21a1,oracle_frequency_weighted,1,17,2,50
46a67f03e1dc21a1,oracle_frequency_weighted,1,17,3,50
46a67f03e1dc21a1,oracle_frequency_weighted,1,17,4,50
46a67f03e1dc21a1,oracle_frequency_weighted,1,17,5,14
46a67f03e1dc21a1,oracle_frequency_weighted,1,17,6,14
46a67f03e1dc21a1,oracle_frequency_weighted,1,17,7,14
46a67f03e1dc21a1,oracle_frequency_weighted,1,17,8,14
46a67f03e1dc21a1,oracle_frequency_weighted,1,17,9,14
46a67f03e1dc21a1,oracle_frequency_weighted,1,18,0,140
46a67f03e1dc21a1,oracle_frequency_weighted,1,18,1,140
46a67f03e1dc21a1,oracle_frequency_weighted,1,18,2,50
46a67f03e1dc21a1,oracle_frequency_weighted,1,18,3,50
46a67f03e1dc21a1,oracle_frequency_weighted,1,18,4,50
46a67f03e1dc21a1,oracle_frequency_weighted,1,18,5,14
46a67f03e1dc21a1,oracle_frequency_weighted,1,18,6,14
46a67f03e1dc21a1,oracle_frequency_weighted,1,18,7,14
46a67f03e1dc21a1,oracle_frequency_weighted,1,18,8,14
46a67f03e1dc21a1,oracle_frequency_weighted,1,18,9,14
46a67f03e1dc21a1,oracle_frequency_weighted,1,19,0,140
46a67f03e1dc21a1,oracle_frequency_weighted,1,19,1,140
46a67f03e1dc21a1,oracle_frequency_weighted,1,19,2,50
46a67f03e1dc21a1,oracle_frequency_weighted,1,19,3,50
46a67f03e1dc21a1,oracle_frequency_weighted,1,19,4,50
46a67f03e1dc21a1,oracle_frequency_weighted,1,19,5,14
46a67f03e1dc21a1,oracle_frequency_weighted,1,19,6,14
46a67f03e1dc21a1,oracle_frequency_weighted,1,19,7,14
46a67f03e1dc21a1,oracle_frequency_weighted,1,19,8,14
46a67f03e1dc21a1,oracle_frequency_weighted,1,19,9,14
46a67f03e1dc21a1,oracle_frequency_weighted,1,20,0,140
46a67f03e1dc21a1,oracle_frequency_weighted,1,20,1,140
46a67f03e1dc21a1,oracle_frequency_weighted,1,20,2,50
46a67f03e1dc21a1,oracle_frequency_weighted,1,20,3,50
46a67f03e1dc21a1,oracle_frequency_weighted,1,20,4,50
46a67f03e1dc21a1,oracle_frequency_weighted,1,20,5,14
46a67f03e1dc21a1,oracle_frequency_weighted,1,20,6,14
46a67f03e1dc21a1,oracle_frequency_weighted,1,20,7,14
46a67f03e1dc21a1,oracle_frequency_weighted,1,20,8,14
46a67f03e1dc21a1,oracle_frequency_weighted,1,20,9,14
46a67f03e1dc21a1,oracle_frequency_weighted,1,21,0,140
46a67f03e1dc21a1,oracle_frequency_weighted,1,21,1,140
46a67f03e1dc21a1,oracle_frequency_weighted,1,21,2,50
46a67f03e1dc21a1,oracle_frequency_weighted,1,21,3,50
46a67f03e1dc21a1,oracle_frequency_weighted,1,21,4,50
46a67f03e1dc21a1,oracle_frequency_weighted,1,21,5,14
46a67f03e1dc21a1,oracle_frequency_weighted,1,21,6,14
46a67f03e1dc21a1,oracle_frequency_weighted,1,21,7,14
46a67f03e1dc21a1,oracle_frequency_weighted,1,21,8,14
46a67f03e1dc21a1,oracle_frequency_weighted,1,21,9,14
46a67f03e1dc21a1,oracle_frequency_weighted,1,22,0,140
46a67f03e1dc21a1,oracle_frequency_weighted,1,22,1,140
46a67f03e1dc21a1,oracle_frequency_weighted,1,22,2,50
46a67f03e1dc21a1,oracle_frequency_weighted,1,22,3,50
46a67f03e1dc21a1,oracle_frequency_weighted,1,22,4,50
46a67f03e1dc21a1,oracle_frequency_weighted,1,22,5,14
46a67f03e1dc21a1,oracle_frequency_weighted,1,22,6,14
46a67f03e1dc21a1,oracle_frequency_weighted,1,22,7,14
46a67f03e1dc21a1,oracle_frequency_weighted,1,22,8,14
46a67f03e1dc21a1,oracle_frequency_weighted,1,22,9,14
46a67f03e1dc21a1,oracle_frequency_weighted,1,23,0,140
46a67f03e1dc21a1,oracle_frequency_weighted,1,23,1,140
46a67f03e1dc21a1,oracle_frequency_weighted,1,23,2,50
46a67f03e1dc21a1,oracle_frequency_weighted,1,23,3,50
46a67f03e1dc21a1,oracle_frequency_weighted,1,23,4,50
46a67f03e1dc21a1,oracle_frequency_weighted,1,23,5,14
46a67f03e1dc21a1,oracle_frequency_weighted,1,23,6,14
46a67f03e1dc21a1,oracle_frequency_weighted,1,23,7,14
46a67f03e1dc21a1,oracle_frequency_weighted,1,23,8,14
46a67f03e1dc21a1,oracle_frequency_weighted,1,23,9,14
46a67f03e1dc21a1,oracle_frequency_weighted,1,24,0,140
46a67f03e1dc21a1,oracle_frequency_weighted,1,24,1,140
46a67f03e1dc21a1,oracle_frequency_weighted,1,24,2,50
46a67f03e1dc21a1,oracle_frequency_weighted,1,24,3,50
46a67f03e1dc21a1,oracle_frequency_weighted,1,24,4,50
46a67f03e1dc21a1,oracle_frequency_weighted,1,24,5,14
46a67f03e1dc21a1,oracle_frequency_weighted,1,24,6,14
46a67f03e1dc21a1,oracle_frequency_weighted,1,24,7,14
46a67f03e1dc21a1,oracle_frequency_weighted,1,24,8,14
46a67f03e1dc21a1,oracle_frequency_weighted,1,24,9,14
46a67f03e1dc21a1,oracle_frequency_weighted,1,25,0,140
46a67f03e1dc21a1,oracle_frequency_weighted,1,25,1,140
46a67f03e1dc21a1,oracle_frequency_weighted,1,25,2,50
46a67f03e1dc21a1,oracle_frequency_weighted,1,25,3,50
46a67f03e1dc21a1,oracle_frequency_weighted,1,25,4,50
46a67f03e1dc21a1,oracle_frequency_weighted,1,25,5,14
46a67f03e1dc21a1,oracle_frequency_weighted,1,25,6,14
46a67f03e1dc21a1,oracle_frequency_weighted,1,25,7,14
46a67f03e1dc21a1,oracle_frequency_weighted,1,25,8,14
46a67f03e1dc21a1,oracle_frequency_weighted,1,25,9,14
46a67f03e1dc21a1,oracle_frequency_weighted,1,26,0,140
46a67f03e1dc21a1,oracle_frequency_weighted,1,26,1,140
46a67f03e1dc21a1,oracle_frequency_weighted,1,26,2,50
46a67f03e1dc21a1,oracle_frequency_weighted,1,26,3,50
46a67f03e1dc21a1,oracle_frequency_weighted,1,26,4,50
46a67f03e1dc21a1,oracle_frequency_weighted,1,26,5,14
46a67f03e1dc21a1,oracle_frequency_weighted,1,26,6,14
46a67f03e1dc21a1,oracle_frequency_weighted,1,26,7,14
46a67f03e1dc21a1,oracle_frequency_weighted,1,26,8,14
46a67f03e1dc21a1,oracle_frequency_weighted,1,26,9,14
46a67f03e1dc21a1,oracle_frequency_weighted,1,27,0,140
46a67f03e1dc21a1,oracle_frequency_weighted,1,27,1,140
46a67f03e1dc21a1,oracle_frequency_weighted,1,27,2,50
46a67f03e1dc21a1,oracle_frequency_weighted,1,27,3,50
46a67f03e1dc21a1,oracle_frequency_weighted,1,27,4,50
46a67f03e1dc21a1,oracle_frequency_weighted,1,27,5,14
46a67f03e1dc21a1,oracle_frequency_weighted,1,27,6,14
46a67f03e1dc21a1,oracle_frequency_weighted,1,27,7,14
46a67f03e1dc21a1,oracle_frequency_weighted,1,27,8,14
46a67f03e1dc21a1,oracle_frequency_weighted,1,27,9,14
46a67f03e1dc21a1,oracle_frequency_weighted,1,28,0,140
46a67f03e1dc21a1,oracle_frequency_weighted,1,28,1,140
46a67f03e1dc21a1,oracle_frequency_weighted,1,28,2,50
46a67f03e1dc21a1,oracle_frequency_weighted,1,28,3,50
46a67f03e1dc21a1,oracle_frequency_weighted,1,28,4,50
46a67f03e1dc21a1,oracle_frequency_weighted,1,28,5,14
46a67f03e1dc21a1,oracle_frequency_weighted,1,28,6,14
46a67f03e1dc21a1,oracle_frequency_weighted,1,28,7,14
46a67f03e1dc21a1,oracle_frequency_weighted,1,28,8,14
46a67f03e1dc21a1,oracle_frequency_weighted,1,28,9,14
46a67f03e1dc21a1,oracle_frequency_weighted,1,29,0,140
46a67f03e1dc21a1,oracle_frequency_weighted,1,29,1,140
46a67f03e1dc21a1,oracle_frequency_weighted,1,29,2,50
46a67f03e1dc21a1,oracle_frequency_weighted,1,29,3,50
46a67f03e1dc21a1,oracle_frequency_weighted,1,29,4,50
46a67f03e1dc21a1,oracle_frequency_weighted,1,29,5,14
46a67f03e1dc21a1,oracle_frequency_weighted,1,29,6,14
46a67f03e1dc21a1,oracle_frequency_weighted,1,29,7,14
46a67f03e1dc21a1,oracle_frequency_weighted,1,29,8,14
46a67f03e1dc21a1,oracle_frequency_weighted,1,29,9,14
b8be3acda5e9dd29,oracle_frequency_weighted,2,0,0,0
b8be3acda5e9dd29,oracle_frequency_weighted,2,0,1,0
b8be3acda5e9dd29,oracle_frequency_weighted,2,0,2,0
b8be3acda5e9dd29,oracle_frequency_weighted,2,0,3,0
b8be3acda5e9dd29,oracle_frequency_weighted,2,0,4,0
b8be3acda5e9dd29,oracle_frequency_weighted,2,0,5,0
b8be3acda5e9dd29,oracle_frequency_weighted,2,0,6,500
b8be3acda5e9dd29,oracle_frequency_weighted,2,0,7,0
b8be3acda5e9dd29,oracle_frequency_weighted,2,0,8,0
b8be3acda5e9dd29,oracle_frequency_weighted,2,0,9,0
b8be3acda5e9dd29,oracle_frequency_weighted,2,1,0,0
b8be3acda5e9dd29,oracle_frequency_weighted,2,1,1,0
b8be3acda5e9dd29,oracle_frequency_weighted,2,1,2,0
b8be3acda5e9dd29,oracle_frequency_weighted,2,1,3,0
b8be3acda5e9dd29,oracle_frequency_weighted,2,1,4,0
b8be3acda5e9dd29,oracle_frequency_weighted,2,1,5,0
b8be3acda5e9dd29,oracle_frequency_weighted,2,1,6,250
b8be3acda5e9dd29,oracle_frequency_weighted,2,1,7,0
b8be3acda5e9dd29,oracle_frequency_weighted,2,1,8,250
b8be3acda5e9dd29,oracle_frequency_weighted,2,1,9,0
b8be3acda5e9dd29,oracle_frequency_weighted,2,2,0,0
b8be3acda5e9dd29,oracle_frequency_weighted,2,2,1,0
b8be3acda5e9dd29,oracle_frequency_weighted,2,2,2,0
b8be3acda5e9dd29,oracle_frequency_weighted,2,2,3,0
b8be3acda5e9dd29,oracle_frequency_weighted,2,2,4,0
b8be3acda5e9dd29,oracle_frequency_weighted,2,2,5,167
b8be3acda5e9dd29,oracle_frequency_weighted,2,2,6,167
b8be3acda5e9dd29,oracle_frequency_weighted,2,2,7,0
b8be3acda5e9dd29,oracle_frequency_weighted,2,2,8,166
b8be3acda5e9dd29,oracle_frequency_weighted,2,2,9,0
b8be3acda5e9dd29,oracle_frequency_weighted,2,3,0,405
b8be3acda5e9dd29,oracle_frequency_weighted,2,3,1,0
b8be3acda5e9dd29,oracle_frequency_weighted,2,3,2,0
b8be3acda5e9dd29,oracle_frequency_weighted,2,3,3,0
b8be3acda5e9dd29,oracle_frequency_weighted,2,3,4,0
b8be3acda5e9dd29,oracle_frequency_weighted,2,3,5,32
b8be3acda5e9dd29,oracle_frequency_weighted,2,3,6,32
b8be3acda5e9dd29,oracle_frequency_weighted,2,3,7,0
b8be3acda5e9dd29,oracle_frequency_weighted,2,3,8,31
b8be3acda5e9dd29,oracle_frequency_weighted,2,3,9,0
b8be3acda5e9dd29,oracle_frequency_weighted,2,4,0,380
b8be3acda5e9dd29,oracle_frequency_weighted,2,4,1,0
b8be3acda5e9dd29,oracle_frequency_weighted,2,4,2,0
b8be3acda5e9dd29,oracle_frequency_weighted,2,4,3,0
b8be3acda5e9dd29,oracle_frequency_weighted,2,4,4,0
b8be3acda5e9dd29,oracle_frequency_weighted,2,4,5,30
b8be3acda5e9dd29,oracle_frequency_weighted,2,4,6,30
b8be3acda5e9dd29,oracle_frequency_weighted,2,4,7,30
b8be3acda5e9dd29,oracle_frequency_weighted,2,4,8,30
b8be3acda5e9dd29,oracle_frequency_weighted,2,4,9,0
b8be3acda5e9dd29,oracle_frequency_weighted,2,5,0,299
b8be3acda5e9dd29,oracle_frequency_weighted,2,5,1,0
b8be3acda5e9dd29,oracle_frequency_weighted,2,5,2,0
b8be3acda5e9dd29,oracle_frequency_weighted,2,5,3,103
b8be3acda5e9dd29,oracle_frequency_weighted,2,5,4,0
b8be3acda5e9dd29,oracle_frequency_weighted,2,5,5,25
b8be3acda5e9dd29,oracle_frequency_weighted,2,5,6,25
b8be3acda5e9dd29,oracle_frequency_weighted,2,5,7,24
b8be3acda5e9dd29,oracle_frequency_weighted,2,5,8,24
b8be3acda5e9dd29,oracle_frequency_weighted,2,5,9,0
b8be3acda5e9dd29,oracle_frequency_weighted,2,6,0,246
b8be3acda5e9dd29,oracle_frequency_weighted,2,6,1,0
b8be3acda5e9dd29,oracle_frequency_weighted,2,6,2,0
b8be3acda5e9dd29,oracle_frequency_weighted,2,6,3,85
b8be3acda5e9dd29,oracle_frequency_weighted,2,6,4,85
b8be3acda5e9dd29,oracle_frequency_weighted,2,6,5,21
b8be3acda5e9dd29,oracle_frequency_weighted,2,6,6,21
b8be3acda5e9dd29,oracle_frequency_weighted,2,6,7,21
b8be3acda5e9dd29,oracle_frequency_weighted,2,6,8,21
b8be3acda5e9dd29,oracle_frequency_weighted,2,6,9,0
b8be3acda5e9dd29,oracle_frequency_weighted,2,7,0,162
b8be3acda5e9dd29,oracle_frequency_weighted,2,7,1,162
b8be3acda5e9dd29,oracle_frequency_weighted,2,7,2,0
b8be3acda5e9dd29,oracle_frequency_weighted,2,7,3,57
b8be3acda5e9dd29,oracle_frequency_weighted,2,7,4,57
b8be3acda5e9dd29,oracle_frequency_weighted,2,7,5,16
b8be3acda5e9dd29,oracle_frequency_weighted,2,7,6,16
b8be3acda5e9dd29,oracle_frequency_weighted,2,7,7,15
b8be3acda5e9dd29,oracle_frequency_weighted,2,7,8,15
b8be3acda5e9dd29,oracle_frequency_weighted,2,7,9,0
b8be3acda5e9dd29,oracle_frequency_weighted,2,8,0,157
b8be3acda5e9dd29,oracle_frequency_weighted,2,8,1,157
b8be3acda5e9dd29,oracle_frequency_weighted,2,8,2,0
b8be3acda5e9dd29,oracle_frequency_weighted,2,8,3,56
b8be3acda5e9dd29,oracle_frequency_weighted,2,8,4,55
b8be3acda5e9dd29,oracle_frequency_weighted,2,8,5,15
b8be3acda5e9dd29,oracle_frequency_weighted,2,8,6,15
b8be3acda5e9dd29,oracle_frequency_weighted,2,8,7,15
b8be3acda5e9dd29,oracle_frequency_weighted,2,8,8,15
b8be3acda5e9dd29,oracle_frequency_weighted,2,8,9,15
b8be3acda5e9dd29,oracle_frequency_weighted,2,9,0,140
b8be3acda5e9dd29,oracle_frequency_weighted,2,9,1,140
b8be3acda5e9dd29,oracle_frequency_weighted,2,9,2,50
b8be3acda5e9dd29,oracle_frequency_weighted,2,9,3,50
b8be3acda5e9dd29,oracle_frequency_weighted,2,9,4,50
b8be3acda5e9dd29,oracle_frequency_weighted,2,9,5,14
b8be3acda5e9dd29,oracle_frequency_weighted,2,9,6,14
b8be3acda5e9dd29,oracle_frequency_weighted,2,9,7,14
b8be3acda5e9dd29,oracle_frequency_weighted,2,9,8,14
b8be3acda5e9dd29,oracle_frequency_weighted,2,9,9,14
b8be3acda5e9dd29,oracle_frequency_weighted,2,10,0,140
b8be3acda5e9dd29,oracle_frequency_weighted,2,10,1,140
b8be3acda5e9dd29,oracle_frequency_weighted,2,10,2,50
b8be3acda5e9dd29,oracle_frequency_weighted,2,10,3,50
b8be3acda5e9dd29,oracle_frequency_weighted,2,10,4,50
b8be3acda5e9dd29,oracle_frequency_weighted,2,10,5,14
b8be3acda5e9dd29,oracle_frequency_weighted,2,10,6,14
b8be3acda5e9dd29,oracle_frequency_weighted,2,10,7,14
b8be3acda5e9dd29,oracle_frequency_weighted,2,10,8,14
b8be3acda5e9dd29,oracle_frequency_weighted,2,10,9,14
b8be3acda5e9dd29,oracle_frequency_weighted,2,11,0,140
b8be3acda5e9dd29,oracle_frequency_weighted,2,11,1,140
b8be3acda5e9dd29,oracle_frequency_weighted,2,11,2,50
b8be3acda5e9dd29,oracle_frequency_weighted,2,11,3,50
b8be3acda5e9dd29,oracle_frequency_weighted,2,11,4,50
b8be3acda5e9dd29,oracle_frequency_weighted,2,11,5,14
b8be3acda5e9dd29,oracle_frequency_weighted,2,11,6,14
b8be3acda5e9dd29,oracle_frequency_weighted,2,11,7,14
b8be3acda5e9dd29,oracle_frequency_weighted,2,11,8,14
b8be3acda5e9dd29,oracle_frequency_weighted,2,11,9,14
b8be3acda5e9dd29,oracle_frequency_weighted,2,12,0,140
b8be3acda5e9dd29,oracle_frequency_weighted,2,12,1,140
b8be3acda5e9dd29,oracle_frequency_weighted,2,12,2,50
b8be3acda5e9dd29,oracle_frequency_weighted,2,12,3,50
b8be3acda5e9dd29,oracle_frequency_weighted,2,12,4,50
b8be3acda5e9dd29,oracle_frequency_weighted,2,12,5,14
b8be3acda5e9dd29,oracle_frequency_weighted,2,12,6,14
b8be3acda5e9dd29,oracle_frequency_weighted,2,12,7,14
b8be3acda5e9dd29,oracle_frequency_weighted,2,12,8,14
b8be3acda5e9dd29,oracle_frequency_weighted,2,12,9,14
b8be3acda5e9dd29,oracle_frequency_weighted,2,13,0,140
b8be3acda5e9dd29,oracle_frequency_weighted,2,13,1,140
b8be3acda5e9dd29,oracle_frequency_weighted,2,13,2,50
b8be3acda5e9dd29,oracle_frequency_weighted,2,13,3,50
b8be3acda5e9dd29,oracle_frequency_weighted,2,13,4,50
b8be3acda5e9dd29,oracle_frequency_weighted,2,13,5,14
b8be3acda5e9dd29,oracle_frequency_weighted,2,13,6,14
b8be3acda5e9dd29,oracle_frequency_weighted,2,13,7,14
b8be3acda5e9dd29,oracle_frequency_weighted,2,13,8,14
b8be3acda5e9dd29,oracle_frequency_weighted,2,13,9,14
b8be3acda5e9dd29,oracle_frequency_weighted,2,14,0,140
b8be3acda5e9dd29,oracle_frequency_weighted,2,14,1,140
b8be3acda5e9dd29,oracle_frequency_weighted,2,14,2,50
b8be3acda5e9dd29,oracle_frequency_weighted,2,14,3,50
b8be3acda5e9dd29,oracle_frequency_weighted,2,14,4,50
b8be3acda5e9dd29,oracle_frequency_weighted,2,14,5,14
b8be3acda5e9dd29,oracle_frequency_weighted,2,14,6,14
b8be3acda5e9dd29,oracle_frequency_weighted,2,14,7,14
b8be3acda5e9dd29,oracle_frequency_weighted,2,14,8,14
b8be3acda5e9dd29,oracle_frequency_weighted,2,14,9,14
b8be3acda5e9dd29,oracle_frequency_weighted,2,15,0,140
b8be3acda5e9dd29,oracle_frequency_weighted,2,15,1,140
b8be3acda5e9dd29,oracle_frequency_weighted,2,15,2,50
b8be3acda5e9dd29,oracle_frequency_weighted,2,15,3,50
b8be3acda5e9dd29,oracle_frequency_weighted,2,15,4,50
b8be3acda5e9dd29,oracle_frequency_weighted,2,15,5,14
b8be3acda5e9dd29,oracle_frequency_weighted,2,15,6,14
b8be3acda5e9dd29,oracle_frequency_weighted,2,15,7,14
b8be3acda5e9dd29,oracle_frequency_weighted,2,15,8,14
b8be3acda5e9dd29,oracle_frequency_weighted,2,15,9,14
b8be3acda5e9dd29,oracle_frequency_weighted,2,16,0,140
b8be3acda5e9dd29,oracle_frequency_weighted,2,16,1,140
b8be3acda5e9dd29,oracle_frequency_weighted,2,16,2,50
b8be3acda5e9dd29,oracle_frequency_weighted,2,16,3,50
b8be3acda5e9dd29,oracle_frequency_weighted,2,16,4,50
b8be3acda5e9dd29,oracle_frequency_weighted,2,16,5,14
b8be3acda5e9dd29,oracle_frequency_weighted,2,16,6,14
b8be3acda5e9dd29,oracle_frequency_weighted,2,16,7,14
b8be3acda5e9dd29,oracle_frequency_weighted,2,16,8,14
b8be3acda5e9dd29,oracle_frequency_weighted,2,16,9,14
b8be3acda5e9dd29,oracle_frequency_weighted,2,17,0,140
b8be3acda5e9dd29,oracle_frequency_weighted,2,17,1,140
b8be3acda5e9dd29,oracle_frequency_weighted,2,17,2,50
b8be3acda5e9dd29,oracle_frequency_weighted,2,17,3,50
b8be3acda5e9dd29,oracle_frequency_weighted,2,17,4,50
b8be3acda5e9dd29,oracle_frequency_weighted,2,17,5,14
b8be3acda5e9dd29,oracle_frequency_weighted,2,17,6,14
b8be3acda5e9dd29,oracle_frequency_weighted,2,17,7,14
b8be3acda5e9dd29,oracle_frequency_weighted,2,17,8,14
b8be3acda5e9dd29,oracle_frequency_weighted,2,17,9,14
b8be3acda5e9dd29,oracle_frequency_weighted,2,18,0,140
b8be3acda5e9dd29,oracle_frequency_weighted,2,18,1,140
b8be3acda5e9dd29,oracle_frequency_weighted,2,18,2,50
b8be3acda5e9dd29,oracle_frequency_weighted,2,18,3,50
b8be3acda5e9dd29,oracle_frequency_weighted,2,18,4,50
b8be3acda5e9dd29,oracle_frequency_weighted,2,18,5,14
b8be3acda5e9dd29,oracle_frequency_weighted,2,18,6,14
b8be3acda5e9dd29,oracle_frequency_weighted,2,18,7,14
b8be3acda5e9dd29,oracle_frequency_weighted,2,18,8,14
b8be3acda5e9dd29,oracle_frequency_weighted,2,18,9,14
b8be3acda5e9dd29,oracle_frequency_weighted,2,19,0,140
b8be3acda5e9dd29,oracle_frequency_weighted,2,19,1,140
b8be3acda5e9dd29,oracle_frequency_weighted,2,19,2,50
b8be3acda5e9dd29,oracle_frequency_weighted,2,19,3,50
b8be3acda5e9dd29,oracle_frequency_weighted,2,19,4,50
b8be3acda5e9dd29,oracle_frequency_weighted,2,19,5,14
b8be3acda5e9dd29,oracle_frequency_weighted,2,19,6,14
b8be3acda5e9dd29,oracle_frequency_weighted,2,19,7,14
b8be3acda5e9dd29,oracle_frequency_weighted,2,19,8,14
b8be3acda5e9dd29,oracle_frequency_weighted,2,19,9,14
b8be3acda5e9dd29,oracle_frequency_weighted,2,20,0,140
b8be3acda5e9dd29,oracle_frequency_weighted,2,20,1,140
b8be3acda5e9dd29,oracle_frequency_weighted,2,20,2,50
b8be3acda5e9dd29,oracle_frequency_weighted,2,20,3,50
b8be3acda5e9dd29,oracle_frequency_weighted,2,20,4,50
b8be3acda5e9dd29,oracle_frequency_weighted,2,20,5,14
b8be3acda5e9dd29,oracle_frequency_weighted,2,20,6,14
b8be3acda5e9dd29,oracle_frequency_weighted,2,20,7,14
b8be3acda5e9dd29,oracle_frequency_weighted,2,20,8,14
b8be3acda5e9dd29,oracle_frequency_weighted,2,20,9,14
b8be3acda5e9dd29,oracle_frequency_weighted,2,21,0,140
b8be3acda5e9dd29,oracle_frequency_weighted,2,21,1,140
b8be3acda5e9dd29,oracle_frequency_weighted,2,21,2,50
b8be3acda5e9dd29,oracle_frequency_weighted,2,21,3,50
b8be3acda5e9dd29,oracle_frequency_weighted,2,21,4,50
b8be3acda5e9dd29,oracle_frequency_weighted,2,21,5,14
b8be3acda5e9dd29,oracle_frequency_weighted,2,21,6,14
b8be3acda5e9dd29,oracle_frequency_weighted,2,21,7,14
b8be3acda5e9dd29,oracle_frequency_weighted,2,21,8,14
b8be3acda5e9dd29,oracle_frequency_weighted,2,21,9,14
b8be3acda5e9dd29,oracle_frequency_weighted,2,22,0,140
b8be3acda5e9dd29,oracle_frequency_weighted,2,22,1,140
b8be3acda5e9dd29,oracle_frequency_weighted,2,22,2,50
b8be3acda5e9dd29,oracle_frequency_weighted,2,22,3,50
b8be3acda5e9dd29,oracle_frequency_weighted,2,22,4,50
b8be3acda5e9dd29,oracle_frequency_weighted,2,22,5,14
b8be3acda5e9dd29,oracle_frequency_weighted,2,22,6,14
b8be3acda5e9dd29,oracle_frequency_weighted,2,22,7,14
b8be3acda5e9dd29,oracle_frequency_weighted,2,22,8,14
b8be3acda5e9dd29,oracle_frequency_weighted,2,22,9,14
b8be3acda5e9dd29,oracle_frequency_weighted,2,23,0,140
b8be3acda5e9dd29,oracle_frequency_weighted,2,23,1,140
b8be3acda5e9dd29,oracle_frequency_weighted,2,23,2,50
b8be3acda5e9dd29,oracle_frequency_weighted,2,23,3,50
b8be3acda5e9dd29,oracle_frequency_weighted,2,23,4,50
b8be3acda5e9dd29,oracle_frequency_weighted,2,23,5,14
b8be3acda5e9dd29,oracle_frequency_weighted,2,23,6,14
b8be3acda5e9dd29,oracle_frequency_weighted,2,23,7,14
b8be3acda5e9dd29,oracle_frequency_weighted,2,23,8,14
b8be3acda5e9dd29,oracle_frequency_weighted,2,23,9,14
b8be3acda5e9dd29,oracle_frequency_weighted,2,24,0,140
b8be3acda5e9dd29,oracle_frequency_weighted,2,24,1,140
b8be3acda5e9dd29,oracle_frequency_weighted,2,24,2,50
b8be3acda5e9dd29,oracle_frequency_weighted,2,24,3,50
b8be3acda5e9dd29,oracle_frequency_weighted,2,24,4,50
b8be3acda5e9dd29,oracle_frequency_weighted,2,24,5,14
b8be3acda5e9dd29,oracle_frequency_weighted,2,24,6,14
b8be3acda5e9dd29,oracle_frequency_weighted,2,24,7,14
b8be3acda5e9dd29,oracle_frequency_weighted,2,24,8,14
b8be3acda5e9dd29,oracle_frequency_weighted,2,24,9,14
b8be3acda5e9dd29,oracle_frequency_weighted,2,25,0,140
b8be3acda5e9dd29,oracle_frequency_weighted,2,25,1,140
b8be3acda5e9dd29,oracle_frequency_weighted,2,25,2,50
b8be3acda5e9dd29,oracle_frequency_weighted,2,25,3,50
b8be3acda5e9dd29,oracle_frequency_weighted,2,25,4,50
b8be3acda5e9dd29,oracle_frequency_weighted,2,25,5,14
b8be3acda5e9dd29,oracle_frequency_weighted,2,25,6,14
b8be3acda5e9dd29,oracle_frequency_weighted,2,25,7,14
b8be3acda5e9dd29,oracle_frequency_weighted,2,25,8,14
b8be3acda5e9dd29,oracle_frequency_weighted,2,25,9,14
b8be3acda5e9dd29,oracle_frequency_weighted,2,26,0,140
b8be3acda5e9dd29,oracle_frequency_weighted,2,26,1,140
b8be3acda5e9dd29,oracle_frequency_weighted,2,26,2,50
b8be3acda5e9dd29,oracle_frequency_weighted,2,26,3,50
b8be3acda5e9dd29,oracle_frequency_weighted,2,26,4,50
b8be3acda5e9dd29,oracle_frequency_weighted,2,26,5,14
b8be3acda5e9dd29,oracle_frequency_weighted,2,26,6,14
b8be3acda5e9dd29,oracle_frequency_weighted,2,26,7,14
b8be3acda5e9dd29,oracle_frequency_weighted,2,26,8,14
b8be3acda5e9dd29,oracle_frequency_weighted,2,26,9,14
b8be3acda5e9dd29,oracle_frequency_weighted,2,27,0,140
b8be3acda5e9dd29,oracle_frequency_weighted,2,27,1,140
b8be3acda5e9dd29,oracle_frequency_weighted,2,27,2,50
b8be3acda5e9dd29,oracle_frequency_weighted,2,27,3,50
b8be3acda5e9dd29,oracle_frequency_weighted,2,27,4,50
b8be3acda5e9dd29,oracle_frequency_weighted,2,27,5,14
b8be3acda5e9dd29,oracle_frequency_weighted,2,27,6,14
b8be3acda5e9dd29,oracle_frequency_weighted,2,27,7,14
b8be3acda5e9dd29,oracle_frequency_weighted,2,27,8,14
b8be3acda5e9dd29,oracle_frequency_weighted,2,27,9,14
b8be3acda5e9dd29,oracle_frequency_weighted,2,28,0,140
b8be3acda5e9dd29,oracle_frequency_weighted,2,28,1,140
b8be3acda5e9dd29,oracle_frequency_weighted,2,28,2,50
b8be3acda5e9dd29,oracle_frequency_weighted,2,28,3,50
b8be3acda5e9dd29,oracle_frequency_weighted,2,28,4,50
b8be3acda5e9dd29,oracle_frequency_weighted,2,28,5,14
b8be3acda5e9dd29,oracle_frequency_weighted,2,28,6,14
b8be3acda5e9dd29,oracle_frequency_weighted,2,28,7,14
b8be3acda5e9dd29,oracle_frequency_weighted,2,28,8,14
b8be3acda5e9dd29,oracle_frequency_weighted,2,28,9,14
b8be3acda5e9dd29,oracle_frequency_weighted,2,29,0,140
b8be3acda5e9dd29,oracle_frequency_weighted,2,29,1,140
b8be3acda5e9dd29,oracle_frequency_weighted,2,29,2,50
b8be3acda5e9dd29,oracle_frequency_weighted,2,29,3,50
b8be3acda5e9dd29,oracle_frequency_weighted,2,29,4,50
b8be3acda5e9dd29,oracle_frequency_weighted,2,29,5,14
b8be3acda5e9dd29,oracle_frequency_weighted,2,29,6,14
b8be3acda5e9dd29,oracle_frequency_weighted,2,29,7,14
b8be3acda5e9dd29,oracle_frequency_weighted,2,29,8,14
b8be3acda5e9dd29,oracle_frequency_weighted,2,29,9,14
83033be9f97aa390,oracle_frequency_weighted,3,0,0,0
83033be9f97aa390,oracle_frequency_weighted,3,0,1,0
83033be9f97aa390,oracle_frequency_weighted,3,0,2,500
83033be9f97aa390,oracle_frequency_weighted,3,0,3,0
83033be9f97aa390,oracle_frequency_weighted,3,0,4,0
83033be9f97aa390,oracle_frequency_weighted,3,0,5,0
83033be9f97aa390,oracle_frequency_weighted,3,0,6,0
83033be9f97aa390,oracle_frequency_weighted,3,0,7,0
83033be9f97aa390,oracle_frequency_weighted,3,0,8,0
83033be9f97aa390,oracle_frequency_weighted,3,0,9,0
83033be9f97aa390,oracle_frequency_weighted,3,1,0,0
83033be9f97aa390,oracle_frequency_weighted,3,1,1,0
83033be9f97aa390,oracle_frequency_weighted,3,1,2,413
83033be9f97aa390,oracle_frequency_weighted,3,1,3,0
83033be9f97aa390,oracle_frequency_weighted,3,1,4,0
83033be9f97aa390,oracle_frequency_weighted,3,1,5,0
83033be9f97aa390,oracle_frequency_weighted,3,1,6,0
83033be9f97aa390,oracle_frequency_weighted,3,1,7,87
83033be9f97aa390,oracle_frequency_weighted,3,1,8,0
83033be9f97aa390,oracle_frequency_weighted,3,1,9,0
83033be9f97aa390,oracle_frequency_weighted,3,2,0,0
83033be9f97aa390,oracle_frequency_weighted,3,2,1,0
83033be9f97aa390,oracle_frequency_weighted,3,2,2,226
83033be9f97aa390,oracle_frequency_weighted,3,2,3,0
83033be9f97aa390,oracle_frequency_weighted,3,2,4,225
83033be9f97aa390,oracle_frequency_weighted,3,2,5,0
83033be9f97aa390,oracle_frequency_weighted,3,2,6,0
83033be9f97aa390,oracle_frequency_weighted,3,2,7,49
83033be9f97aa390,oracle_frequency_weighted,3,2,8,0
83033be9f97aa390,oracle_frequency_weighted,3,2,9,0
83033be9f97aa390,oracle_frequency_weighted,3,3,0,0
83033be9f97aa390,oracle_frequency_weighted,3,3,1,0
83033be9f97aa390,oracle_frequency_weighted,3,3,2,205
83033be9f97aa390,oracle_frequency_weighted,3,3,3,0
83033be9f97aa390,oracle_frequency_weighted,3,3,4,205
83033be9f97aa390,oracle_frequency_weighted,3,3,5,0
83033be9f97aa390,oracle_frequency_weighted,3,3,6,0
83033be9f97aa390,oracle_frequency_weighted,3,3,7,45
83033be9f97aa390,oracle_frequency_weighted,3,3,8,0
83033be9f97aa390,oracle_frequency_weighted,3,3,9,45
83033be9f97aa390,oracle_frequency_weighted,3,4,0,269
83033be9f97aa390,oracle_frequency_weighted,3,4,1,0
83033be9f97aa390,oracle_frequency_weighted,3,4,2,93
83033be9f97aa390,oracle_frequency_weighted,3,4,3,0
83033be9f97aa390,oracle_frequency_weighted,3,4,4,93
83033be9f97aa390,oracle_frequency_weighted,3,4,5,0
83033be9f97aa390,oracle_frequency_weighted,3,4,6,0
83033be9f97aa390,oracle_frequency_weighted,3,4,7,23
83033be9f97aa390,oracle_frequency_weighted,3,4,8,0
83033be9f97aa390,oracle_frequency_weighted,3,4,9,22
83033be9f97aa390,oracle_frequency_weighted,3,5,0,173
83033be9f97aa390,oracle_frequency_weighted,3,5,1,173
83033be9f97aa390,oracle_frequency_weighted,3,5,2,61
83033be9f97aa390,oracle_frequency_weighted,3,5,3,0
83033be9f97aa390,oracle_frequency_weighted,3,5,4,61
83033be9f97aa390,oracle_frequency_weighted,3,5,5,0
83033be9f97aa390,oracle_frequency_weighted,3,5,6,0
83033be9f97aa390,oracle_frequency_weighted,3,5,7,16
83033be9f97aa390,oracle_frequency_weighted,3,5,8,0
83033be9f97aa390,oracle_frequency_weighted,3,5,9,16
83033be9f97aa390,oracle_frequency_weighted,3,6,0,167
83033be9f97aa390,oracle_frequency_weighted,3,6,1,167
83033be9f97aa390,oracle_frequency_weighted,3,6,2,59
83033be9f97aa390,oracle_frequency_weighted,3,6,3,0
83033be9f97aa390,oracle_frequency_weighted,3,6,4,59
83033be9f97aa390,oracle_frequency_weighted,3,6,5,0
83033be9f97aa390,oracle_frequency_weighted,3,6,6,16
83033be9f97aa390,oracle_frequency_weighted,3,6,7,16
83033be9f97aa390,oracle_frequency_weighted,3,6,8,0
83033be9f97aa390,oracle_frequency_weighted,3,6,9,16
83033be9f97aa390,oracle_frequency_weighted,3,7,0,162
83033be9f97aa390,oracle_frequency_weighted,3,7,1,162
83033be9f97aa390,oracle_frequency_weighted,3,7,2,57
83033be9f97aa390,oracle_frequency_weighted,3,7,3,0
83033be9f97aa390,oracle_frequency_weighted,3,7,4,57
83033be9f97aa390,oracle_frequency_weighted,3,7,5,0
83033be9f97aa390,oracle_frequency_weighted,3,7,6,16
83033be9f97aa390,oracle_frequency_weighted,3,7,7,16
83033be9f97aa390,oracle_frequency_weighted,3,7,8,15
83033be9f97aa390,oracle_frequency_weighted,3,7,9,15
83033be9f97aa390,oracle_frequency_weighted,3,8,0,144
83033be9f97aa390,oracle_frequency_weighted,3,8,1,144
83033be9f97aa390,oracle_frequency_weighted,3,8,2,52
83033be9f97aa390,oracle_frequency_weighted,3,8,3,52
83033be9f97aa390,oracle_frequency_weighted,3,8,4,52
83033be9f97aa390,oracle_frequency_weighted,3,8,5,0
83033be9f97aa390,oracle_frequency_weighted,3,8,6,14
83033be9f97aa390,oracle_frequency_weighted,3,8,7,14
83033be9f97aa390,oracle_frequency_weighted,3,8,8,14
83033be9f97aa390,oracle_frequency_weighted,3,8,9,14
83033be9f97aa390,oracle_frequency_weighted,3,9,0,140
83033be9f97aa390,oracle_frequency_weighted,3,9,1,140
83033be9f97aa390,oracle_frequency_weighted,3,9,2,50
83033be9f97aa390,oracle_frequency_weighted,3,9,3,50
83033be9f97aa390,oracle_frequency_weighted,3,9,4,50
83033be9f97aa390,oracle_frequency_weighted,3,9,5,14
83033be9f97aa390,oracle_frequency_weighted,3,9,6,14
83033be9f97aa390,oracle_frequency_weighted,3,9,7,14
83033be9f97aa390,oracle_frequency_weighted,3,9,8,14
83033be9f97aa390,oracle_frequency_weighted,3,9,9,14
83033be9f97aa390,oracle_frequency_weighted,3,10,0,140
83033be9f97aa390,oracle_frequency_weighted,3,10,1,140
83033be9f97aa390,oracle_frequency_weighted,3,10,2,50
83033be9f97aa390,oracle_frequency_weighted,3,10,3,50
83033be9f97aa390,oracle_frequency_weighted,3,10,4,50
83033be9f97aa390,oracle_frequency_weighted,3,10,5,14
83033be9f97aa390,oracle_frequency_weighted,3,10,6,14
83033be9f97aa390,oracle_frequency_weighted,3,10,7,14
83033be9f97aa390,oracle_frequency_weighted,3,10,8,14
83033be9f97aa390,oracle_frequency_weighted,3,10,9,14
83033be9f97aa390,oracle_frequency_weighted,3,11,0,140
83033be9f97aa390,oracle_frequency_weighted,3,11,1,140
83033be9f97aa390,oracle_frequency_weighted,3,11,2,50
83033be9f97aa390,oracle_frequency_weighted,3,11,3,50
83033be9f97aa390,oracle_frequency_weighted,3,11,4,50
83033be9f97aa390,oracle_frequency_weighted,3,11,5,14
83033be9f97aa390,oracle_frequency_weighted,3,11,6,14
83033be9f97aa390,oracle_frequency_weighted,3,11,7,14
83033be9f97aa390,oracle_frequency_weighted,3,11,8,14
83033be9f97aa390,oracle_frequency_weighted,3,11,9,14
83033be9f97aa390,oracle_frequency_weighted,3,12,0,140
83033be9f97aa390,oracle_frequency_weighted,3,12,1,140
83033be9f97aa390,oracle_frequency_weighted,3,12,2,50
83033be9f97aa390,oracle_frequency_weighted,3,12,3,50
83033be9f97aa390,oracle_frequency_weighted,3,12,4,50
83033be9f97aa390,oracle_frequency_weighted,3,12,5,14
83033be9f97aa390,oracle_frequency_weighted,3,12,6,14
83033be9f97aa390,oracle_frequency_weighted,3,12,7,14
83033be9f97aa390,oracle_frequency_weighted,3,12,8,14
83033be9f97aa390,oracle_frequency_weighted,3,12,9,14
83033be9f97aa390,oracle_frequency_weighted,3,13,0,140
83033be9f97aa390,oracle_frequency_weighted,3,13,1,140
83033be9f97aa390,oracle_frequency_weighted,3,13,2,50
83033be9f97aa390,oracle_frequency_weighted,3,13,3,50
83033be9f97aa390,oracle_frequency_weighted,3,13,4,50
83033be9f97aa390,oracle_frequency_weighted,3,13,5,14
83033be9f97aa390,oracle_frequency_weighted,3,13,6,14
83033be9f97aa390,oracle_frequency_weighted,3,13,7,14
83033be9f97aa390,oracle_frequency_weighted,3,13,8,14
83033be9f97aa390,oracle_frequency_weighted,3,13,9,14
83033be9f97aa390,oracle_frequency_weighted,3,14,0,140
83033be9f97aa390,oracle_frequency_weighted,3,14,1,140
83033be9f97aa390,oracle_frequency_weighted,3,14,2,50
83033be9f97aa390,oracle_frequency_weighted,3,14,3,50
83033be9f97aa390,oracle_frequency_weighted,3,14,4,50
83033be9f97aa390,oracle_frequency_weighted,3,14,5,14
83033be9f97aa390,oracle_frequency_weighted,3,14,6,14
83033be9f97aa390,oracle_frequency_weighted,3,14,7,14
83033be9f97aa390,oracle_frequency_weighted,3,14,8,14
83033be9f97aa390,oracle_frequency_weighted,3,14,9,14
83033be9f97aa390,oracle_frequency_weighted,3,15,0,140
83033be9f97aa390,oracle_frequency_weighted,3,15,1,140
83033be9f97aa390,oracle_frequency_weighted,3,15,2,50
83033be9f97aa390,oracle_frequency_weighted,3,15,3,50
83033be9f97aa390,oracle_frequency_weighted,3,15,4,50
83033be9f97aa390,oracle_frequency_weighted,3,15,5,14
83033be9f97aa390,oracle_frequency_weighted,3,15,6,14
83033be9f97aa390,oracle_frequency_weighted,3,15,7,14
83033be9f97aa390,oracle_frequency_weighted,3,15,8,14
83033be9f97aa390,oracle_frequency_weighted,3,15,9,14
83033be9f97aa390,oracle_frequency_weighted,3,16,0,140
83033be9f97aa390,oracle_frequency_weighted,3,16,1,140
83033be9f97aa390,oracle_frequency_weighted,3,16,2,50
83033be9f97aa390,oracle_frequency_weighted,3,16,3,50
83033be9f97aa390,oracle_frequency_weighted,3,16,4,50
83033be9f97aa390,oracle_frequency_weighted,3,16,5,14
83033be9f97aa390,oracle_frequency_weighted,3,16,6,14
83033be9f97aa390,oracle_frequency_weighted,3,16,7,14
83033be9f97aa390,oracle_frequency_weighted,3,16,8,14
83033be9f97aa390,oracle_frequency_weighted,3,16,9,14
83033be9f97aa390,oracle_frequency_weighted,3,17,0,140
83033be9f97aa390,oracle_frequency_weighted,3,17,1,140
83033be9f97aa390,oracle_frequency_weighted,3,17,2,50
83033be9f97aa390,oracle_frequency_weighted,3,17,3,50
83033be9f97aa390,oracle_frequency_weighted,3,17,4,50
83033be9f97aa390,oracle_frequency_weighted,3,17,5,14
83033be9f97aa390,oracle_frequency_weighted,3,17,6,14
83033be9f97aa390,oracle_frequency_weighted,3,17,7,14
83033be9f97aa390,oracle_frequency_weighted,3,17,8,14
83033be9f97aa390,oracle_frequency_weighted,3,17,9,14
83033be9f97aa390,oracle_frequency_weighted,3,18,0,140
83033be9f97aa390,oracle_frequency_weighted,3,18,1,140
83033be9f97aa390,oracle_frequency_weighted,3,18,2,50
83033be9f97aa390,oracle_frequency_weighted,3,18,3,50
83033be9f97aa390,oracle_frequency_weighted,3,18,4,50
83033be9f97aa390,oracle_frequency_weighted,3,18,5,14
83033be9f97aa390,oracle_frequency_weighted,3,18,6,14
83033be9f97aa390,oracle_frequency_weighted,3,18,7,14
83033be9f97aa390,oracle_frequency_weighted,3,18,8,14
83033be9f97aa390,oracle_frequency_weighted,3,18,9,14
83033be9f97aa390,oracle_frequency_weighted,3,19,0,140
83033be9f97aa390,oracle_frequency_weighted,3,19,1,140
83033be9f97aa390,oracle_frequency_weighted,3,19,2,50
83033be9f97aa390,oracle_frequency_weighted,3,19,3,50
83033be9f97aa390,oracle_frequency_weighted,3,19,4,50
83033be9f97aa390,oracle_frequency_weighted,3,19,5,14
83033be9f97aa390,oracle_frequency_weighted,3,19,6,14
83033be9f97aa390,oracle_frequency_weighted,3,19,7,14
83033be9f97aa390,oracle_frequency_weighted,3,19,8,14
83033be9f97aa390,oracle_frequency_weighted,3,19,9,14
83033be9f97aa390,oracle_frequency_weighted,3,20,0,140
83033be9f97aa390,oracle_frequency_weighted,3,20,1,140
83033be9f97aa390,oracle_frequency_weighted,3,20,2,50
83033be9f97aa390,oracle_frequency_weighted,3,20,3,50
83033be9f97aa390,oracle_frequency_weighted,3,20,4,50
83033be9f97aa390,oracle_frequency_weighted,3,20,5,14
83033be9f97aa390,oracle_frequency_weighted,3,20,6,14
83033be9f97aa390,oracle_frequency_weighted,3,20,7,14
83033be9f97aa390,oracle_frequency_weighted,3,20,8,14
83033be9f97aa390,oracle_frequency_weighted,3,20,9,14
83033be9f97aa390,oracle_frequency_weighted,3,21,0,140
83033be9f97aa390,oracle_frequency_weighted,3,21,1,140
83033be9f97aa390,oracle_frequency_weighted,3,21,2,50
83033be9f97aa390,oracle_frequency_weighted,3,21,3,50
83033be9f97aa390,oracle_frequency_weighted,3,21,4,50
83033be9f97aa390,oracle_frequency_weighted,3,21,5,14
83033be9f97aa390,oracle_frequency_weighted,3,21,6,14
83033be9f97aa390,oracle_frequency_weighted,3,21,7,14
83033be9f97aa390,oracle_frequency_weighted,3,21,8,14
83033be9f97aa390,oracle_frequency_weighted,3,21,9,14
83033be9f97aa390,oracle_frequency_weighted,3,22,0,140
83033be9f97aa390,oracle_frequency_weighted,3,22,1,140
83033be9f97aa390,oracle_frequency_weighted,3,22,2,50
83033be9f97aa390,oracle_frequency_weighted,3,22,3,50
83033be9f97aa390,oracle_frequency_weighted,3,22,4,50
83033be9f97aa390,oracle_frequency_weighted,3,22,5,14
83033be9f97aa390,oracle_frequency_weighted,3,22,6,14
83033be9f97aa390,oracle_frequency_weighted,3,22,7,14
83033be9f97aa390,oracle_frequency_weighted,3,22,8,14
83033be9f97aa390,oracle_frequency_weighted,3,22,9,14
83033be9f97aa390,oracle_frequency_weighted,3,23,0,140
83033be9f97aa390,oracle_frequency_weighted,3,23,1,140
83033be9f97aa390,oracle_frequency_weighted,3,23,2,50
83033be9f97aa390,oracle_frequency_weighted,3,23,3,50
83033be9f97aa390,oracle_frequency_weighted,3,23,4,50
83033be9f97aa390,oracle_frequency_weighted,3,23,5,14
83033be9f97aa390,oracle_frequency_weighted,3,23,6,14
83033be9f97aa390,oracle_frequency_weighted,3,23,7,14
83033be9f97aa390,oracle_frequency_weighted,3,23,8,14
83033be9f97aa390,oracle_frequency_weighted,3,23,9,14
83033be9f97aa390,oracle_frequency_weighted,3,24,0,140
83033be9f97aa390,oracle_frequency_weighted,3,24,1,140
83033be9f97aa390,oracle_frequency_weighted,3,24,2,50
83033be9f97aa390,oracle_frequency_weighted,3,24,3,50
83033be9f97aa390,oracle_frequency_weighted,3,24,4,50
83033be9f97aa390,oracle_frequency_weighted,3,24,5,14
83033be9f97aa390,oracle_frequency_weighted,3,24,6,14
83033be9f97aa390,oracle_frequency_weighted,3,24,7,14
83033be9f97aa390,oracle_frequency_weighted,3,24,8,14
83033be9f97aa390,oracle_frequency_weighted,3,24,9,14
83033be9f97aa390,oracle_frequency_weighted,3,25,0,140
83033be9f97aa390,oracle_frequency_weighted,3,25,1,140
83033be9f97aa390,oracle_frequency_weighted,3,25,2,50
83033be9f97aa390,oracle_frequency_weighted,3,25,3,50
83033be9f97aa390,oracle_frequency_weighted,3,25,4,50
83033be9f97aa390,oracle_frequency_weighted,3,25,5,14
83033be9f97aa390,oracle_frequency_weighted,3,25,6,14
83033be9f97aa390,oracle_frequency_weighted,3,25,7,14
83033be9f97aa390,oracle_frequency_weighted,3,25,8,14
83033be9f97aa390,oracle_frequency_weighted,3,25,9,14
83033be9f97aa390,oracle_frequency_weighted,3,26,0,140
83033be9f97aa390,oracle_frequency_weighted,3,26,1,140
83033be9f97aa390,oracle_frequency_weighted,3,26,2,50
83033be9f97aa390,oracle_frequency_weighted,3,26,3,50
83033be9f97aa390,oracle_frequency_weighted,3,26,4,50
83033be9f97aa390,oracle_frequency_weighted,3,26,5,14
83033be9f97aa390,oracle_frequency_weighted,3,26,6,14
83033be9f97aa390,oracle_frequency_weighted,3,26,7,14
83033be9f97aa390,oracle_frequency_weighted,3,26,8,14
83033be9f97aa390,oracle_frequency_weighted,3,26,9,14
83033be9f97aa390,oracle_frequency_weighted,3,27,0,140
83033be9f97aa390,oracle_frequency_weighted,3,27,1,140
83033be9f97aa390,oracle_frequency_weighted,3,27,2,50
83033be9f97aa390,oracle_frequency_weighted,3,27,3,50
83033be9f97aa390,oracle_frequency_weighted,3,27,4,50
83033be9f97aa390,oracle_frequency_weighted,3,27,5,14
83033be9f97aa390,oracle_frequency_weighted,3,27,6,14
83033be9f97aa390,oracle_frequency_weighted,3,27,7,14
83033be9f97aa390,oracle_frequency_weighted,3,27,8,14
83033be9f97aa390,oracle_frequency_weighted,3,27,9,14
83033be9f97aa390,oracle_frequency_weighted,3,28,0,140
83033be9f97aa390,oracle_frequency_weighted,3,28,1,140
83033be9f97aa390,oracle_frequency_weighted,3,28,2,50
83033be9f97aa390,oracle_frequency_weighted,3,28,3,50
83033be9f97aa390,oracle_frequency_weighted,3,28,4,50
83033be9f97aa390,oracle_frequency_weighted,3,28,5,14
83033be9f97aa390,oracle_frequency_weighted,3,28,6,14
83033be9f97aa390,oracle_frequency_weighted,3,28,7,14
83033be9f97aa390,oracle_frequency_weighted,3,28,8,14
83033be9f97aa390,oracle_frequency_weighted,3,28,9,14
83033be9f97aa390,oracle_frequency_weighted,3,29,0,140
83033be9f97aa390,oracle_frequency_weighted,3,29,1,140
83033be9f97aa390,oracle_frequency_weighted,3,29,2,50
83033be9f97aa390,oracle_frequency_weighted,3,29,3,50
83033be9f97aa390,oracle_frequency_weighted,3,29,4,50
83033be9f97aa390,oracle_frequency_weighted,3,29,5,14
83033be9f97aa390,oracle_frequency_weighted,3,29,6,14
83033be9f97aa390,oracle_frequency_weighted,3,29,7,14
83033be9f97aa390,oracle_frequency_weighted,3,29,8,14
83033be9f97aa390,oracle_frequency_weighted,3,29,9,14
